"","Country","Year","Total.Gov.Education.Invest.Percent.of.GDP","Total.Gov.Exp.Percent.of.TotalExpenses","Expenditure.Per.Primary.Student","Expenditure.Per.Secondary.Student","Expenditure.Per.Tertiary.Student","Literacy.Rate.Adults","Popul.Between.0.and.14","School.Enrollment.Primary","School.Enrollment.Secondary","School.Enrollment.Tertiary"
"1","Australia","1960",NA,NA,NA,NA,NA,NA,30.181,NA,NA,NA
"2","Australia","1961",NA,NA,NA,NA,NA,NA,30.254,NA,NA,NA
"3","Australia","1962",NA,NA,NA,NA,NA,NA,30.166,NA,NA,NA
"4","Australia","1963",NA,NA,NA,NA,NA,NA,29.977,NA,NA,NA
"5","Australia","1964",NA,NA,NA,NA,NA,NA,29.779,NA,NA,NA
"6","Australia","1965",NA,NA,NA,NA,NA,NA,29.621,NA,NA,NA
"7","Australia","1966",NA,NA,NA,NA,NA,NA,29.508,NA,NA,NA
"8","Australia","1967",NA,NA,NA,NA,NA,NA,29.415,NA,NA,NA
"9","Australia","1968",NA,NA,NA,NA,NA,NA,29.355,NA,NA,NA
"10","Australia","1969",NA,NA,NA,NA,NA,NA,29.286,NA,NA,NA
"11","Australia","1970",NA,NA,NA,NA,NA,NA,29.156,NA,81.093,15.817
"12","Australia","1971",NA,NA,NA,NA,NA,NA,28.876,111.198,NA,17.094
"13","Australia","1972",NA,NA,NA,NA,NA,NA,28.598,110.644,NA,18.383
"14","Australia","1973",NA,NA,NA,NA,NA,NA,28.302,110,NA,19.59
"15","Australia","1974",NA,NA,NA,NA,NA,NA,27.954,105.237,NA,21.817
"16","Australia","1975",NA,NA,NA,NA,NA,NA,27.534,108.184,NA,23.282
"17","Australia","1976",NA,NA,NA,NA,NA,NA,27.236,109.157,NA,24.075
"18","Australia","1977",NA,NA,NA,NA,NA,NA,26.761,111.218,NA,24.437
"19","Australia","1978",6.01,NA,NA,NA,NA,NA,26.205,112.327,NA,24.781
"20","Australia","1979",5.898,NA,NA,NA,NA,NA,25.698,111.899,NA,25.004
"21","Australia","1980",5.655,NA,NA,NA,NA,NA,25.301,111.072,NA,25.155
"22","Australia","1981",NA,NA,NA,NA,NA,NA,24.778,109.699,NA,25.585
"23","Australia","1982",5.481,NA,NA,NA,NA,NA,24.448,108.577,NA,25.641
"24","Australia","1983",5.373,NA,NA,NA,NA,NA,24.223,107.215,NA,26.362
"25","Australia","1984",NA,NA,NA,NA,NA,NA,23.966,106.436,NA,27.005
"26","Australia","1985",5.407,NA,NA,NA,NA,NA,23.623,104.89,NA,27.911
"27","Australia","1986",5.282,NA,NA,NA,NA,NA,23.407,105.438,NA,29.515
"28","Australia","1987",5.072,NA,NA,NA,NA,NA,23.058,105.86,NA,29.685
"29","Australia","1988",4.919,13.25,NA,NA,NA,NA,22.656,106.489,NA,31.5
"30","Australia","1989",4.748,13.351,NA,NA,NA,NA,22.318,106.685,NA,32.654
"31","Australia","1990",4.676,13.592,NA,NA,NA,NA,22.089,106.372,NA,35.36
"32","Australia","1991",4.794,14.065,NA,NA,NA,NA,21.883,106.097,NA,38.313
"33","Australia","1992",4.692,13.204,NA,NA,NA,NA,21.784,105.974,NA,39.701
"34","Australia","1993",5.517,15.017,NA,NA,NA,NA,21.744,105.877,134.355,65.564
"35","Australia","1994",5.255,14.297,NA,NA,NA,NA,21.684,105.83,132.618,66.979
"36","Australia","1995",5.144,14.77,15.686,16.032,26.575,NA,21.57,101.291,143.234,70.689
"37","Australia","1996",5.241,14.246,NA,NA,NA,NA,21.478,101.58,148.636,75.648
"38","Australia","1997",NA,NA,NA,NA,NA,NA,21.342,101.184,152.936,80.907
"39","Australia","1998",NA,NA,NA,NA,NA,NA,21.18,100.929,NA,NA
"40","Australia","1999",NA,NA,NA,NA,NA,NA,21.024,100.659,NA,NA
"41","Australia","2000",4.894,13.36,16.754,NA,NA,NA,20.882,100.722,NA,NA
"42","Australia","2001",NA,NA,NA,NA,NA,NA,20.657,100.64,NA,NA
"43","Australia","2002",NA,NA,NA,NA,NA,NA,20.436,101.549,NA,NA
"44","Australia","2003",NA,NA,NA,NA,NA,NA,20.22,101.674,NA,NA
"45","Australia","2004",NA,NA,NA,NA,NA,NA,20.009,102.264,NA,NA
"46","Australia","2005",4.916,13.585,17.94,NA,NA,NA,19.815,102.739,NA,NA
"47","Australia","2006",4.754,13.178,17.745,NA,NA,NA,19.59,103.304,NA,NA
"48","Australia","2007",4.667,13.03,17.309,NA,NA,NA,19.401,105.183,NA,NA
"49","Australia","2008",4.644,12.6,17.674,NA,NA,NA,19.258,105.141,NA,NA
"50","Australia","2009",5.093,13.415,19.949,NA,NA,NA,19.143,105.302,NA,NA
"51","Australia","2010",5.559,14.328,22.372,NA,NA,NA,19.032,105.619,NA,NA
"52","Australia","2011",5.083,13.502,20.003,NA,NA,NA,19.036,105.69,NA,NA
"53","Australia","2012",4.878,13.184,18.173,16.118,19.1,NA,18.986,105.984,NA,NA
"54","Australia","2013",5.238,14.04,18.686,16.802,22.32,NA,18.921,105.994,NA,NA
"55","Australia","2014",5.174,13.883,18.273,16.576,21.895,NA,18.883,105.457,NA,NA
"56","Australia","2015",5.322,14.076,18.819,17.168,21.506,NA,18.887,101.6,157.168,118.611
"57","Australia","2016",5.28,13.766,19.334,15.006,17.859,NA,18.952,100.744,153.013,120.966
"58","Australia","2017",NA,NA,NA,NA,NA,NA,19.065,100.339,150.311,113.142
"59","Australia","2018",NA,NA,NA,NA,NA,NA,19.191,NA,NA,NA
"60","Brazil","1960",NA,NA,NA,NA,NA,NA,43.166,NA,NA,NA
"61","Brazil","1961",NA,NA,NA,NA,NA,NA,43.329,NA,NA,NA
"62","Brazil","1962",NA,NA,NA,NA,NA,NA,43.454,NA,NA,NA
"63","Brazil","1963",NA,NA,NA,NA,NA,NA,43.521,NA,NA,NA
"64","Brazil","1964",NA,NA,NA,NA,NA,NA,43.502,NA,NA,NA
"65","Brazil","1965",NA,NA,NA,NA,NA,NA,43.385,NA,NA,NA
"66","Brazil","1966",NA,NA,NA,NA,NA,NA,43.345,NA,NA,NA
"67","Brazil","1967",NA,NA,NA,NA,NA,NA,43.162,NA,NA,NA
"68","Brazil","1968",NA,NA,NA,NA,NA,NA,42.881,NA,NA,NA
"69","Brazil","1969",NA,NA,NA,NA,NA,NA,42.557,NA,NA,NA
"70","Brazil","1970",NA,NA,NA,NA,NA,NA,42.212,NA,NA,NA
"71","Brazil","1971",NA,NA,NA,NA,NA,NA,41.864,NA,NA,NA
"72","Brazil","1972",NA,NA,NA,NA,NA,NA,41.502,NA,NA,NA
"73","Brazil","1973",NA,NA,NA,NA,NA,NA,41.118,NA,NA,NA
"74","Brazil","1974",NA,NA,NA,NA,NA,NA,40.699,NA,NA,NA
"75","Brazil","1975",NA,NA,NA,NA,NA,NA,40.25,NA,NA,NA
"76","Brazil","1976",NA,NA,NA,NA,NA,NA,39.832,NA,NA,NA
"77","Brazil","1977",NA,NA,NA,NA,NA,NA,39.415,NA,NA,NA
"78","Brazil","1978",NA,NA,NA,NA,NA,NA,38.998,NA,NA,NA
"79","Brazil","1979",NA,NA,NA,NA,NA,NA,38.588,NA,NA,NA
"80","Brazil","1980",NA,NA,NA,NA,NA,74.587,38.191,NA,NA,NA
"81","Brazil","1981",NA,NA,NA,NA,NA,NA,37.929,NA,NA,NA
"82","Brazil","1982",NA,NA,NA,NA,NA,NA,37.647,NA,NA,NA
"83","Brazil","1983",NA,NA,NA,NA,NA,NA,37.359,NA,NA,NA
"84","Brazil","1984",NA,NA,NA,NA,NA,NA,37.07,NA,NA,NA
"85","Brazil","1985",NA,NA,NA,NA,NA,NA,36.771,NA,NA,NA
"86","Brazil","1986",NA,NA,NA,NA,NA,NA,36.529,NA,NA,NA
"87","Brazil","1987",NA,NA,NA,NA,NA,NA,36.235,NA,NA,NA
"88","Brazil","1988",NA,NA,NA,NA,NA,NA,35.901,NA,NA,NA
"89","Brazil","1989",NA,NA,NA,NA,NA,NA,35.541,NA,NA,NA
"90","Brazil","1990",NA,NA,NA,NA,NA,NA,35.159,NA,NA,NA
"91","Brazil","1991",NA,NA,NA,NA,NA,NA,34.694,NA,NA,NA
"92","Brazil","1992",NA,NA,NA,NA,NA,NA,34.248,NA,NA,NA
"93","Brazil","1993",NA,NA,NA,NA,NA,NA,33.792,NA,NA,NA
"94","Brazil","1994",NA,NA,NA,NA,NA,NA,33.295,NA,NA,NA
"95","Brazil","1995",4.568,NA,NA,NA,NA,NA,32.751,NA,NA,NA
"96","Brazil","1996",NA,NA,NA,NA,NA,NA,32.226,NA,NA,NA
"97","Brazil","1997",NA,NA,NA,NA,NA,NA,31.667,NA,NA,NA
"98","Brazil","1998",4.757,11.63,NA,NA,78.747,NA,31.086,NA,NA,NA
"99","Brazil","1999",3.801,9.6,10.653,NA,56.298,NA,30.507,165.645,NA,16.084
"100","Brazil","2000",3.949,11.452,10.576,NA,54.936,86.368,29.938,NA,NA,NA
"101","Brazil","2001",3.845,10.611,10.393,NA,47.201,NA,29.442,150.786,NA,18.154
"102","Brazil","2002",3.75,9.637,9.832,10.18,44.493,NA,28.92,146.828,109.994,20.696
"103","Brazil","2003",NA,NA,NA,NA,NA,NA,28.391,140.544,101.869,23.217
"104","Brazil","2004",3.974,10.394,12.74,11.49,32.495,88.616,27.87,133.696,102.371,24.491
"105","Brazil","2005",4.479,11.257,15.261,13.061,34.781,NA,27.362,133.262,101.292,25.99
"106","Brazil","2006",4.871,12.423,NA,NA,NA,89.615,26.829,NA,NA,NA
"107","Brazil","2007",4.974,13.219,17.001,17.709,29.143,90.009,26.324,128.18,95.17,30.787
"108","Brazil","2008",5.269,14.082,18.22,19.163,27.151,90.037,25.832,132.055,96.72,35.562
"109","Brazil","2009",5.464,14.724,19.756,20.113,27.841,90.298,25.333,131.165,96.665,37.038
"110","Brazil","2010",5.649,14.56,20.614,21.094,27.819,90.379,24.823,NA,NA,NA
"111","Brazil","2011",5.737,15.269,20.249,21.98,27.577,91.411,24.315,132.497,95.263,43.46
"112","Brazil","2012",5.855,15.728,19.67,19.793,28.059,91.338,23.819,134.52,92.992,44.966
"113","Brazil","2013",5.839,15.593,19.797,20.714,30.021,91.484,23.336,113.92,102.069,46.817
"114","Brazil","2014",5.948,15.637,19.59,20.715,29.006,91.729,22.867,114.255,100.838,49.914
"115","Brazil","2015",6.241,16.149,20.201,21.683,33.284,92.048,22.421,112.773,100.067,51.054
"116","Brazil","2016",NA,NA,NA,NA,NA,92.808,22.05,113.945,101.536,50.489
"117","Brazil","2017",NA,NA,NA,NA,NA,93.076,21.684,115.448,100.828,51.344
"118","Brazil","2018",NA,NA,NA,NA,NA,93.228,21.334,NA,NA,NA
"119","Canada","1960",NA,NA,NA,NA,NA,NA,33.727,NA,NA,NA
"120","Canada","1961",NA,NA,NA,NA,NA,NA,33.85,NA,NA,NA
"121","Canada","1962",NA,NA,NA,NA,NA,NA,33.86,NA,NA,NA
"122","Canada","1963",NA,NA,NA,NA,NA,NA,33.765,NA,NA,NA
"123","Canada","1964",NA,NA,NA,NA,NA,NA,33.575,NA,NA,NA
"124","Canada","1965",NA,NA,NA,NA,NA,NA,33.291,NA,NA,NA
"125","Canada","1966",NA,NA,NA,NA,NA,NA,32.854,NA,NA,NA
"126","Canada","1967",NA,NA,NA,NA,NA,NA,32.27,NA,NA,NA
"127","Canada","1968",NA,NA,NA,NA,NA,NA,31.585,NA,NA,NA
"128","Canada","1969",NA,NA,NA,NA,NA,NA,30.86,NA,NA,NA
"129","Canada","1970",NA,NA,NA,NA,NA,NA,30.13,NA,NA,NA
"130","Canada","1971",7.71,NA,NA,NA,NA,NA,29.271,102.732,96.209,NA
"131","Canada","1972",7.615,NA,NA,NA,NA,NA,28.5,100.71,95.711,NA
"132","Canada","1973",7.037,NA,NA,NA,NA,NA,27.766,98.595,94.231,NA
"133","Canada","1974",6.69,NA,NA,NA,NA,NA,26.997,97.232,92.21,NA
"134","Canada","1975",6.443,NA,NA,NA,NA,NA,26.172,98.094,91.747,NA
"135","Canada","1976",6.721,NA,NA,NA,NA,NA,25.507,98.391,90.752,48.039
"136","Canada","1977",6.734,NA,NA,NA,NA,NA,24.762,99.007,90.364,NA
"137","Canada","1978",7.098,NA,NA,NA,NA,NA,24.001,99.552,89.385,NA
"138","Canada","1979",6.715,NA,NA,NA,NA,NA,23.317,99.635,88.27,NA
"139","Canada","1980",6.485,NA,NA,NA,NA,NA,22.756,99.714,87.463,NA
"140","Canada","1981",6.431,15.579,NA,NA,NA,NA,22.307,99.474,88.275,NA
"141","Canada","1982",6.519,15.532,NA,NA,NA,NA,21.959,105.225,92.343,NA
"142","Canada","1983",6.88,14.775,NA,NA,NA,NA,21.697,104.64,94.985,NA
"143","Canada","1984",6.644,14.091,NA,NA,NA,NA,21.478,104.07,98.1,NA
"144","Canada","1985",6.213,13.237,NA,NA,NA,NA,21.28,103.787,99.098,NA
"145","Canada","1986",6.044,12.683,NA,NA,NA,NA,21.142,104.025,99.185,70.592
"146","Canada","1987",6.324,13.456,NA,NA,NA,NA,21.011,103.957,99.109,NA
"147","Canada","1988",6.176,13.539,NA,NA,NA,NA,20.888,104.006,99.38,NA
"148","Canada","1989",6.098,13.57,NA,NA,NA,NA,20.782,104.268,99.636,83.089
"149","Canada","1990",5.992,13.191,NA,NA,NA,NA,20.692,104.282,99.802,90.528
"150","Canada","1991",6.884,14.264,NA,NA,NA,NA,20.653,104.442,101.408,95.549
"151","Canada","1992",6.771,13.116,NA,NA,NA,NA,20.633,103.674,102.714,97.61
"152","Canada","1993",7.704,14.623,NA,NA,NA,NA,20.602,102.697,104.606,88.221
"153","Canada","1994",6.68,12.934,NA,NA,NA,NA,20.522,101.9,105.766,90.097
"154","Canada","1995",6.324,12.864,NA,NA,NA,NA,20.377,101.81,105.152,90.542
"155","Canada","1996",NA,NA,NA,NA,NA,NA,20.257,102.813,105.477,89.214
"156","Canada","1997",NA,NA,NA,NA,NA,NA,20.041,NA,NA,NA
"157","Canada","1998",5.512,12.64,NA,NA,42.966,NA,19.758,99.822,105.604,59.502
"158","Canada","1999",5.55,12.742,NA,NA,NA,NA,19.456,100.257,102.376,60.252
"159","Canada","2000",5.442,12.983,NA,NA,NA,NA,19.164,100.789,101.923,59.114
"160","Canada","2001",4.97,12.212,NA,NA,NA,NA,18.837,NA,NA,NA
"161","Canada","2002",5.011,12.148,NA,NA,NA,NA,18.547,NA,NA,59.547
"162","Canada","2003",NA,NA,NA,NA,NA,NA,18.27,NA,NA,NA
"163","Canada","2004",NA,NA,NA,NA,NA,NA,17.98,98.477,NA,NA
"164","Canada","2005",4.782,12.178,NA,NA,NA,NA,17.676,97.365,101.391,NA
"165","Canada","2006",NA,NA,NA,NA,NA,NA,17.401,98.881,101.728,NA
"166","Canada","2007",4.78,12.329,NA,NA,40.284,NA,17.136,98.966,101.903,63.6
"167","Canada","2008",4.638,12.01,NA,NA,36.358,NA,16.892,98.013,102.344,63.767
"168","Canada","2009",4.853,12.484,NA,NA,40.197,NA,16.676,99.009,102.734,63.066
"169","Canada","2010",5.37,12.336,NA,NA,44.685,NA,16.489,98.642,102.398,61.656
"170","Canada","2011",5.274,12.219,NA,18.329,43.077,NA,16.415,98.189,103.349,63.467
"171","Canada","2012",NA,NA,NA,NA,NA,NA,16.297,99.518,109.987,63.981
"172","Canada","2013",NA,NA,NA,NA,29.684,NA,16.167,100.341,109.486,65.332
"173","Canada","2014",NA,NA,NA,NA,37.072,NA,16.062,101.537,109.333,65.613
"174","Canada","2015",NA,NA,17.616,NA,37.036,NA,15.991,102.485,110.356,64.787
"175","Canada","2016",NA,NA,NA,NA,31.554,NA,15.898,101.024,112.514,66.439
"176","Canada","2017",NA,NA,NA,NA,NA,NA,15.87,100.944,113.763,68.923
"177","Canada","2018",NA,NA,NA,NA,NA,NA,15.87,NA,NA,NA
"178","Switzerland","1960",NA,NA,NA,NA,NA,NA,24.117,NA,NA,NA
"179","Switzerland","1961",NA,NA,NA,NA,NA,NA,24.293,NA,NA,NA
"180","Switzerland","1962",NA,NA,NA,NA,NA,NA,24.33,NA,NA,NA
"181","Switzerland","1963",NA,NA,NA,NA,NA,NA,24.27,NA,NA,NA
"182","Switzerland","1964",NA,NA,NA,NA,NA,NA,24.164,NA,NA,NA
"183","Switzerland","1965",NA,NA,NA,NA,NA,NA,24.034,NA,NA,NA
"184","Switzerland","1966",NA,NA,NA,NA,NA,NA,24.007,NA,NA,NA
"185","Switzerland","1967",NA,NA,NA,NA,NA,NA,23.96,NA,NA,NA
"186","Switzerland","1968",NA,NA,NA,NA,NA,NA,23.899,NA,NA,NA
"187","Switzerland","1969",NA,NA,NA,NA,NA,NA,23.813,NA,NA,NA
"188","Switzerland","1970",NA,NA,NA,NA,NA,NA,23.689,NA,NA,NA
"189","Switzerland","1971",NA,NA,NA,NA,NA,NA,23.601,NA,NA,10.044
"190","Switzerland","1972",NA,NA,NA,NA,NA,NA,23.457,NA,NA,10.58
"191","Switzerland","1973",NA,NA,NA,NA,NA,NA,23.256,93.835,NA,11.371
"192","Switzerland","1974",NA,NA,NA,NA,NA,NA,22.987,93.206,NA,12.43
"193","Switzerland","1975",NA,NA,NA,NA,NA,NA,22.638,92.535,NA,13.197
"194","Switzerland","1976",NA,NA,NA,NA,NA,NA,22.199,91.803,NA,13.889
"195","Switzerland","1977",NA,NA,NA,NA,NA,NA,21.718,83.261,NA,15.755
"196","Switzerland","1978",NA,NA,NA,NA,NA,NA,21.18,84.201,92.599,16.411
"197","Switzerland","1979",NA,NA,NA,NA,NA,NA,20.599,83.204,93.693,17.211
"198","Switzerland","1980",4.36,NA,NA,NA,NA,NA,20.011,82.612,94.567,17.92
"199","Switzerland","1981",4.322,NA,NA,NA,NA,NA,19.498,82.509,94.938,18.557
"200","Switzerland","1982",4.39,NA,NA,NA,NA,NA,19.009,82.47,94.759,18.856
"201","Switzerland","1983",4.497,NA,NA,NA,NA,NA,18.561,81.898,94.724,18.845
"202","Switzerland","1984",4.353,15.725,NA,NA,NA,NA,18.16,81.443,95.152,19.43
"203","Switzerland","1985",4.299,15.653,NA,NA,NA,NA,17.807,81.266,95.012,21.097
"204","Switzerland","1986",4.336,15.865,NA,NA,NA,NA,17.605,81.623,94.624,21.65
"205","Switzerland","1987",4.291,15.585,NA,NA,NA,NA,17.392,82.786,94.333,22.685
"206","Switzerland","1988",4.357,16.293,NA,NA,NA,NA,17.2,84.664,94.538,23.383
"207","Switzerland","1989",4.267,15.949,NA,NA,NA,NA,17.074,87.195,94.909,24.002
"208","Switzerland","1990",4.523,17.326,NA,NA,NA,NA,17.04,89.664,95.889,25.605
"209","Switzerland","1991",4.681,17.317,NA,NA,NA,NA,17.071,90.985,97.008,26.857
"210","Switzerland","1992",NA,NA,NA,NA,NA,NA,17.197,91.262,98.418,28.133
"211","Switzerland","1993",5.092,16.318,NA,NA,NA,NA,17.379,95.607,99.492,29.225
"212","Switzerland","1994",5.055,15.689,NA,NA,NA,NA,17.543,94.555,101.672,30.465
"213","Switzerland","1995",5.059,15.477,NA,NA,NA,NA,17.643,96.06,101.558,31.339
"214","Switzerland","1996",5.072,15.445,NA,NA,NA,NA,17.717,98.106,101.115,32.397
"215","Switzerland","1997",NA,NA,NA,NA,NA,NA,17.719,NA,NA,NA
"216","Switzerland","1998",4.887,14.702,21.627,26.041,46.309,NA,17.656,105.413,95.879,35.29
"217","Switzerland","1999",4.89,14.467,21.011,25.293,49.835,NA,17.559,105.88,95.852,36.994
"218","Switzerland","2000",4.781,14.641,20.047,24.661,48.812,NA,17.444,106.69,95.629,37.779
"219","Switzerland","2001",4.96,15.428,21.013,25.291,50.726,NA,17.245,105.619,95.333,39.772
"220","Switzerland","2002",5.314,15.312,22.383,26.887,55.139,NA,17.032,104.627,93.708,40.947
"221","Switzerland","2003",5.524,16.335,22.688,26.607,59.043,NA,16.802,104.018,93.782,44.04
"222","Switzerland","2004",5.446,16.222,22.704,25.464,57.385,NA,16.552,103.339,94.417,45.601
"223","Switzerland","2005",5.204,15.821,21.917,25.362,50.313,NA,16.289,102.307,95.453,45.804
"224","Switzerland","2006",4.962,15.97,20.995,23.843,48.169,NA,16.017,101.987,96.027,46.538
"225","Switzerland","2007",4.687,15.675,20.363,22.807,42.271,NA,15.748,102.108,95.911,47.243
"226","Switzerland","2008",4.868,16.01,18.638,28.202,39.803,NA,15.492,102.541,95.886,48.833
"227","Switzerland","2009",5.041,15.644,21.829,26.925,42.038,NA,15.259,102.834,95.601,50.148
"228","Switzerland","2010",4.926,15.391,21.891,26.286,39.233,NA,15.058,102.85,96.11,52.938
"229","Switzerland","2011",4.97,15.553,23.324,25.891,39.669,NA,14.958,103.114,96.419,54.485
"230","Switzerland","2012",5.033,15.644,26.956,25.978,41.631,NA,14.868,103.154,96.481,55.52
"231","Switzerland","2013",5.04,15.209,26.875,26.418,40.549,NA,14.808,103.602,98.891,56.27
"232","Switzerland","2014",5.051,15.462,26.416,26.39,40.98,NA,14.786,103.487,NA,57.23
"233","Switzerland","2015",5.101,15.528,24.568,24.455,37.679,NA,14.793,104.184,101.474,57.707
"234","Switzerland","2016",5.113,15.527,24.789,NA,37.405,NA,14.833,104.629,102.565,58.047
"235","Switzerland","2017",NA,NA,NA,NA,NA,NA,14.872,105.191,102.487,59.563
"236","Switzerland","2018",NA,NA,NA,NA,NA,NA,14.911,NA,NA,NA
"237","China","1960",NA,NA,NA,NA,NA,NA,39.822,NA,NA,NA
"238","China","1961",NA,NA,NA,NA,NA,NA,39.874,NA,NA,NA
"239","China","1962",NA,NA,NA,NA,NA,NA,40.282,NA,NA,NA
"240","China","1963",NA,NA,NA,NA,NA,NA,40.807,NA,NA,NA
"241","China","1964",NA,NA,NA,NA,NA,NA,41.139,NA,NA,NA
"242","China","1965",NA,NA,NA,NA,NA,NA,41.178,NA,NA,NA
"243","China","1966",NA,NA,NA,NA,NA,NA,41.368,NA,NA,NA
"244","China","1967",NA,NA,NA,NA,NA,NA,41.213,NA,NA,NA
"245","China","1968",NA,NA,NA,NA,NA,NA,40.878,NA,NA,NA
"246","China","1969",NA,NA,NA,NA,NA,NA,40.581,NA,NA,NA
"247","China","1970",NA,NA,NA,NA,NA,NA,40.407,107.042,27.47,0.128
"248","China","1971",1.389,NA,NA,NA,NA,NA,40.425,106.336,37.046,NA
"249","China","1972",1.605,NA,NA,NA,NA,NA,40.404,108.042,44.731,NA
"250","China","1973",1.651,NA,NA,NA,NA,NA,40.342,115.401,50.88,0.206
"251","China","1974",1.761,NA,NA,NA,NA,NA,40.171,119.114,47.625,0.338
"252","China","1975",1.709,NA,NA,NA,NA,NA,39.841,121.499,48.399,0.476
"253","China","1976",1.817,NA,NA,NA,NA,NA,39.285,121.553,56.387,0.565
"254","China","1977",1.75,NA,NA,NA,NA,NA,38.613,116.501,57.272,0.637
"255","China","1978",1.959,NA,NA,NA,NA,NA,37.819,110.612,53.972,0.706
"256","China","1979",2.148,NA,NA,NA,NA,NA,36.916,109.243,49.89,0.966
"257","China","1980",1.912,NA,NA,NA,NA,NA,35.936,109.719,43.236,1.13
"258","China","1981",1.949,NA,NA,NA,NA,NA,34.789,111.17,38.992,1.782
"259","China","1982",2.034,NA,NA,NA,NA,65.505,33.69,110.754,33.148,NA
"260","China","1983",2.077,9.563,NA,NA,NA,NA,32.629,110.778,30.291,NA
"261","China","1984",1.999,9.762,NA,NA,NA,NA,31.629,111.586,29.725,2.018
"262","China","1985",2.008,10.687,NA,NA,NA,NA,30.736,116.695,31.016,2.437
"263","China","1986",2.062,10.439,NA,NA,NA,NA,30.137,121.483,32.632,2.972
"264","China","1987",1.804,9.462,NA,NA,NA,NA,29.662,126.151,34.719,3.113
"265","China","1988",1.764,10.744,NA,NA,NA,NA,29.294,128.099,36.242,3.082
"266","China","1989",NA,NA,NA,NA,NA,NA,28.959,128.474,36.476,2.992
"267","China","1990",NA,NA,NA,NA,NA,77.785,28.59,127.549,36.72,2.973
"268","China","1991",NA,NA,NA,NA,NA,NA,28.553,124.376,38.985,2.891
"269","China","1992",1.655,12.291,NA,NA,NA,NA,28.206,121.724,42.099,2.806
"270","China","1993",1.658,14.774,NA,NA,NA,NA,27.713,118.377,44.974,2.89
"271","China","1994",1.986,20.065,NA,NA,NA,NA,27.292,114.944,46.594,3.611
"272","China","1995",1.842,18.717,NA,NA,NA,NA,27.032,111.764,50.351,4.39
"273","China","1996",1.853,19.505,NA,NA,NA,NA,26.318,108.074,54.856,4.915
"274","China","1997",NA,NA,NA,NA,NA,NA,26.002,105.507,57.467,5.35
"275","China","1998",1.844,14.551,5.902,NA,58.744,NA,25.839,105.769,NA,5.864
"276","China","1999",1.888,12.632,NA,11.427,89.116,NA,25.481,NA,60.464,6.394
"277","China","2000",NA,NA,NA,NA,NA,90.92,24.789,NA,60.26,7.59
"278","China","2001",NA,NA,NA,NA,NA,NA,24.215,112.342,60.084,9.789
"279","China","2002",NA,NA,NA,NA,NA,NA,23.28,NA,60.285,12.628
"280","China","2003",NA,NA,NA,NA,NA,NA,22.151,NA,62.141,15.453
"281","China","2004",NA,NA,NA,NA,NA,NA,21.124,NA,NA,17.691
"282","China","2005",NA,NA,NA,NA,NA,NA,20.353,NA,NA,19.087
"283","China","2006",NA,NA,NA,NA,NA,NA,19.721,100.993,71.328,20.219
"284","China","2007",NA,NA,NA,NA,NA,NA,19.302,100.707,76.788,20.521
"285","China","2008",NA,NA,NA,NA,NA,NA,19.055,100.742,81.713,20.684
"286","China","2009",NA,NA,NA,NA,NA,NA,18.862,100.006,85.451,22.443
"287","China","2010",NA,NA,NA,NA,NA,95.124,18.66,98.964,88.173,24.198
"288","China","2011",NA,NA,NA,NA,NA,NA,18.51,99.047,NA,25.648
"289","China","2012",NA,NA,NA,NA,NA,NA,18.37,99.791,NA,28.726
"290","China","2013",NA,NA,NA,NA,NA,NA,18.24,99.565,NA,32.434
"291","China","2014",NA,NA,NA,NA,NA,NA,18.134,95.796,NA,42.431
"292","China","2015",NA,NA,NA,NA,NA,NA,18.054,96.319,NA,46.04
"293","China","2016",NA,NA,NA,NA,NA,NA,17.995,97.962,NA,48.019
"294","China","2017",NA,NA,NA,NA,NA,NA,17.937,99.405,NA,49.073
"295","China","2018",NA,NA,NA,NA,NA,96.841,17.877,100.223,NA,50.604
"296","Germany","1960",NA,NA,NA,NA,NA,NA,21.45,NA,NA,NA
"297","Germany","1961",NA,NA,NA,NA,NA,NA,21.659,NA,NA,NA
"298","Germany","1962",NA,NA,NA,NA,NA,NA,21.983,NA,NA,NA
"299","Germany","1963",NA,NA,NA,NA,NA,NA,22.356,NA,NA,NA
"300","Germany","1964",NA,NA,NA,NA,NA,NA,22.683,NA,NA,NA
"301","Germany","1965",NA,NA,NA,NA,NA,NA,22.914,NA,NA,NA
"302","Germany","1966",NA,NA,NA,NA,NA,NA,23.188,NA,NA,NA
"303","Germany","1967",NA,NA,NA,NA,NA,NA,23.348,NA,NA,NA
"304","Germany","1968",NA,NA,NA,NA,NA,NA,23.412,NA,NA,NA
"305","Germany","1969",NA,NA,NA,NA,NA,NA,23.405,NA,NA,NA
"306","Germany","1970",NA,NA,NA,NA,NA,NA,23.325,NA,NA,NA
"307","Germany","1971",NA,NA,NA,NA,NA,NA,23.18,NA,NA,NA
"308","Germany","1972",NA,NA,NA,NA,NA,NA,22.906,NA,NA,NA
"309","Germany","1973",NA,NA,NA,NA,NA,NA,22.532,NA,NA,NA
"310","Germany","1974",NA,NA,NA,NA,NA,NA,22.106,NA,NA,NA
"311","Germany","1975",NA,NA,NA,NA,NA,NA,21.658,NA,NA,NA
"312","Germany","1976",NA,NA,NA,NA,NA,NA,20.991,NA,NA,NA
"313","Germany","1977",NA,NA,NA,NA,NA,NA,20.419,NA,NA,NA
"314","Germany","1978",NA,NA,NA,NA,NA,NA,19.872,NA,NA,NA
"315","Germany","1979",NA,NA,NA,NA,NA,NA,19.262,NA,NA,NA
"316","Germany","1980",NA,NA,NA,NA,NA,NA,18.571,NA,NA,NA
"317","Germany","1981",NA,NA,NA,NA,NA,NA,18.062,NA,NA,NA
"318","Germany","1982",NA,NA,NA,NA,NA,NA,17.447,NA,NA,NA
"319","Germany","1983",NA,NA,NA,NA,NA,NA,16.812,NA,NA,NA
"320","Germany","1984",NA,NA,NA,NA,NA,NA,16.286,NA,NA,NA
"321","Germany","1985",NA,NA,NA,NA,NA,NA,15.937,NA,NA,NA
"322","Germany","1986",NA,NA,NA,NA,NA,NA,15.751,NA,NA,NA
"323","Germany","1987",NA,NA,NA,NA,NA,NA,15.698,NA,NA,NA
"324","Germany","1988",NA,NA,NA,NA,NA,NA,15.759,NA,NA,NA
"325","Germany","1989",NA,NA,NA,NA,NA,NA,15.86,NA,NA,NA
"326","Germany","1990",NA,NA,NA,NA,NA,NA,15.948,NA,NA,NA
"327","Germany","1991",NA,NA,NA,NA,NA,NA,16.065,101.678,99.3,33.66
"328","Germany","1992",NA,NA,NA,NA,NA,NA,16.145,99.156,100.852,35.433
"329","Germany","1993",4.414,9.651,NA,NA,NA,NA,16.195,100.836,105.603,39.421
"330","Germany","1994",4.335,9.463,NA,NA,NA,NA,16.232,100.428,105.699,42.501
"331","Germany","1995",4.421,9.572,NA,NA,NA,NA,16.259,101.376,104.96,45.327
"332","Germany","1996",4.483,8.32,NA,NA,NA,NA,16.129,102.58,104.507,46.943
"333","Germany","1997",NA,NA,NA,NA,NA,NA,16.046,104.055,104.296,47.792
"334","Germany","1998",4.453,9.339,16.49,20.103,NA,NA,15.971,105.475,99.137,NA
"335","Germany","1999",NA,NA,NA,NA,NA,NA,15.853,105.265,99.276,NA
"336","Germany","2000",NA,NA,NA,NA,NA,NA,15.673,105.317,99.931,NA
"337","Germany","2001",NA,NA,NA,NA,NA,NA,15.494,104.361,100.502,NA
"338","Germany","2002",NA,NA,NA,NA,NA,NA,15.232,102.547,101.474,NA
"339","Germany","2003",NA,NA,NA,NA,NA,NA,14.929,102.098,101.821,NA
"340","Germany","2004",NA,NA,NA,NA,NA,NA,14.649,102.883,102.14,NA
"341","Germany","2005",NA,NA,NA,NA,NA,NA,14.417,103.106,102.28,NA
"342","Germany","2006",4.279,9.574,15.605,20.209,NA,NA,14.172,104.213,103.058,NA
"343","Germany","2007",4.343,10.143,15.131,21.091,NA,NA,13.983,104.786,102.242,NA
"344","Germany","2008",4.41,10.12,15.101,21.078,NA,NA,13.839,104.024,103.308,NA
"345","Germany","2009",4.88,10.258,17.189,23.858,NA,NA,13.707,103.396,103.158,NA
"346","Germany","2010",4.914,10.398,17.662,23.881,NA,NA,13.568,102.996,103.975,NA
"347","Germany","2011",4.808,10.753,17.055,22.841,NA,NA,13.509,102.467,103.762,NA
"348","Germany","2012",4.933,11.137,17.323,23.045,39.534,NA,13.427,101.614,102.168,NA
"349","Germany","2013",4.935,11.043,17.554,23.187,37.258,NA,13.331,100.838,100.811,61.387
"350","Germany","2014",4.921,11.194,17.671,23.192,36.111,NA,13.252,100.539,99.711,65.504
"351","Germany","2015",4.805,10.994,17.508,23.001,33.957,NA,13.217,101.667,98.823,67.747
"352","Germany","2016",4.801,10.939,17.443,22.959,33.581,NA,13.315,102.678,98.812,69.581
"353","Germany","2017",NA,NA,NA,NA,NA,NA,13.451,104.022,98.409,70.247
"354","Germany","2018",NA,NA,NA,NA,NA,NA,13.621,NA,NA,NA
"355","Spain","1960",NA,NA,NA,NA,NA,NA,27.364,NA,NA,NA
"356","Spain","1961",NA,NA,NA,NA,NA,NA,27.503,NA,NA,NA
"357","Spain","1962",NA,NA,NA,NA,NA,NA,27.549,NA,NA,NA
"358","Spain","1963",NA,NA,NA,NA,NA,NA,27.557,NA,NA,NA
"359","Spain","1964",NA,NA,NA,NA,NA,NA,27.598,NA,NA,NA
"360","Spain","1965",NA,NA,NA,NA,NA,NA,27.694,NA,NA,NA
"361","Spain","1966",NA,NA,NA,NA,NA,NA,27.762,NA,NA,NA
"362","Spain","1967",NA,NA,NA,NA,NA,NA,27.87,NA,NA,NA
"363","Spain","1968",NA,NA,NA,NA,NA,NA,27.989,NA,NA,NA
"364","Spain","1969",NA,NA,NA,NA,NA,NA,28.076,NA,NA,NA
"365","Spain","1970",1.838,NA,NA,NA,NA,NA,28.112,NA,NA,NA
"366","Spain","1971",1.894,NA,NA,NA,NA,NA,28.02,110.573,57.17,8.666
"367","Spain","1972",2.07,NA,NA,NA,NA,NA,27.925,114.579,53.959,9.646
"368","Spain","1973",NA,NA,NA,NA,NA,NA,27.805,109.972,58.864,14.129
"369","Spain","1974",1.464,NA,NA,NA,NA,NA,27.646,112.13,61.773,15.398
"370","Spain","1975",NA,NA,NA,NA,NA,NA,27.442,112.955,66.121,16.835
"371","Spain","1976",1.905,NA,NA,NA,NA,NA,27.265,111.917,71.181,19.501
"372","Spain","1977",2.083,NA,NA,NA,NA,NA,27.016,111.067,74.714,20.34
"373","Spain","1978",2.237,NA,NA,NA,NA,NA,26.706,110.186,76.738,22.507
"374","Spain","1979",2.344,NA,NA,NA,NA,NA,26.349,109.799,82.195,20.846
"375","Spain","1980",NA,NA,NA,NA,NA,NA,25.947,109.227,84.888,22.043
"376","Spain","1981",NA,NA,NA,NA,NA,92.81,25.542,108.706,86.162,22.071
"377","Spain","1982",NA,NA,NA,NA,NA,NA,25.067,109.316,88.247,22.503
"378","Spain","1983",NA,NA,NA,NA,NA,NA,24.538,109.412,90.44,23.138
"379","Spain","1984",NA,NA,NA,NA,NA,NA,23.982,108.994,89.09,24.815
"380","Spain","1985",NA,NA,NA,NA,NA,NA,23.407,108.629,91.281,26.156
"381","Spain","1986",NA,NA,NA,NA,NA,NA,22.709,107.341,98.22,28.563
"382","Spain","1987",3.137,8.821,NA,NA,NA,NA,22.056,106.935,100.58,29.877
"383","Spain","1988",3.337,9.615,NA,NA,NA,NA,21.41,104.566,102.985,31.756
"384","Spain","1989",3.561,10.317,NA,NA,NA,NA,20.725,104.465,103.934,33.713
"385","Spain","1990",3.643,10.117,NA,NA,NA,NA,19.994,104.473,101.015,35.558
"386","Spain","1991",3.753,10.007,NA,NA,NA,96.495,19.327,105.301,103.078,37.039
"387","Spain","1992",3.848,9.706,NA,NA,NA,NA,18.625,104.692,105.259,39.271
"388","Spain","1993",4.256,10.022,NA,NA,NA,NA,17.92,106.485,109.623,41.18
"389","Spain","1994",4.497,10.241,NA,NA,NA,NA,17.263,106.159,112.3,44.041
"390","Spain","1995",4.447,10.632,NA,NA,NA,NA,16.676,105.082,114.11,45.729
"391","Spain","1996",4.469,10.709,NA,NA,NA,NA,16.19,104.777,117.573,47.678
"392","Spain","1997",NA,NA,NA,NA,NA,NA,15.737,104.283,115.184,50.548
"393","Spain","1998",4.303,10.487,16.97,23.877,19.621,NA,15.335,104.421,106.098,52.834
"394","Spain","1999",4.271,10.694,17.733,24.058,19.382,NA,14.998,104.547,107.807,55.028
"395","Spain","2000",4.176,10.663,17.227,22.833,20.184,NA,14.737,104.503,110.266,57.727
"396","Spain","2001",4.12,10.713,17.527,22.108,20.932,NA,14.512,104.025,111.783,59.784
"397","Spain","2002",4.136,10.709,17.763,22.83,21.357,NA,14.37,103.599,111.855,61.588
"398","Spain","2003",4.167,10.888,18.169,23.183,22.177,NA,14.297,103.424,112.152,63.968
"399","Spain","2004",4.148,10.724,18.524,23.213,22.155,97.165,14.263,103.647,113.83,66.09
"400","Spain","2005",4.13,10.779,18.7,22.886,22.286,97.751,14.247,103.057,117.342,67.153
"401","Spain","2006",4.168,10.886,19.017,23.467,23.012,NA,14.392,103.723,117.338,68.534
"402","Spain","2007",4.233,10.847,19.041,23.7,24.628,97.939,14.54,104.152,116.356,68.752
"403","Spain","2008",4.501,10.936,20.001,25.378,26.804,97.631,14.672,104.661,115.526,69.745
"404","Spain","2009",4.868,10.633,21.276,27.612,28.61,97.679,14.763,104.589,115.029,71.584
"405","Spain","2010",4.819,10.562,21.072,26.055,27.993,97.749,14.793,103.976,119.116,75.911
"406","Spain","2011",4.866,10.618,20.955,25.892,27.328,97.784,14.945,104.556,120.933,80.038
"407","Spain","2012",4.432,9.213,18.286,21.014,23.85,97.895,14.975,105.24,122.838,82.27
"408","Spain","2013",4.328,9.5,17.626,18.503,23.292,98.079,14.938,108.194,123.187,83.726
"409","Spain","2014",4.28,9.543,17.334,18.224,22.988,98.094,14.906,107.152,123.375,85.446
"410","Spain","2015",4.272,9.771,17.276,18.5,22.917,98.143,14.906,106.364,124.961,85.612
"411","Spain","2016",4.209,9.973,17.118,18.882,21.817,98.251,14.765,104.214,126.191,86.516
"412","Spain","2017",NA,NA,NA,NA,NA,NA,14.703,102.71,126.004,88.853
"413","Spain","2018",NA,NA,NA,NA,NA,98.436,14.667,NA,NA,NA
"414","France","1960",NA,NA,NA,NA,NA,NA,26.361,NA,NA,NA
"415","France","1961",NA,NA,NA,NA,NA,NA,26.473,NA,NA,NA
"416","France","1962",NA,NA,NA,NA,NA,NA,26.37,NA,NA,NA
"417","France","1963",NA,NA,NA,NA,NA,NA,26.113,NA,NA,NA
"418","France","1964",NA,NA,NA,NA,NA,NA,25.828,NA,NA,NA
"419","France","1965",NA,NA,NA,NA,NA,NA,25.578,NA,NA,NA
"420","France","1966",NA,NA,NA,NA,NA,NA,25.434,NA,NA,NA
"421","France","1967",NA,NA,NA,NA,NA,NA,25.271,NA,NA,NA
"422","France","1968",NA,NA,NA,NA,NA,NA,25.108,NA,NA,NA
"423","France","1969",NA,NA,NA,NA,NA,NA,24.956,NA,NA,NA
"424","France","1970",3.43,NA,NA,NA,NA,NA,24.815,NA,NA,NA
"425","France","1971",3.174,NA,NA,NA,NA,NA,24.655,116.277,74.232,18.559
"426","France","1972",3.359,NA,NA,NA,NA,NA,24.537,113.298,77.999,19.635
"427","France","1973",3.23,NA,NA,NA,NA,NA,24.427,110.624,81.187,21.397
"428","France","1974",4.242,NA,NA,NA,NA,NA,24.265,109.824,85.486,22.234
"429","France","1975",4.429,NA,NA,NA,NA,NA,24.021,109.066,83.598,23.587
"430","France","1976",4.425,NA,NA,NA,NA,NA,23.806,108.169,81.797,24.786
"431","France","1977",4.435,NA,NA,NA,NA,NA,23.481,107.834,82.564,24.931
"432","France","1978",4.345,NA,NA,NA,NA,NA,23.091,109.325,81.979,25.974
"433","France","1979",4.281,NA,NA,NA,NA,NA,22.722,110.179,82.218,24.328
"434","France","1980",4.308,NA,NA,NA,NA,NA,22.42,110.419,82.693,25.158
"435","France","1981",4.731,11.51,NA,NA,NA,NA,22.046,109.885,82.925,25.342
"436","France","1982",4.852,11.387,NA,NA,NA,NA,21.81,108.851,83.652,26.775
"437","France","1983",4.852,10.722,NA,NA,NA,NA,21.649,106.854,85.097,27.242
"438","France","1984",4.868,10.426,NA,NA,NA,NA,21.463,106.243,86.956,NA
"439","France","1985",4.852,10.063,NA,NA,NA,NA,21.209,106.125,88.633,28.847
"440","France","1986",4.708,9.675,NA,NA,NA,NA,21.074,109.183,89.689,29.39
"441","France","1987",4.623,9.36,NA,NA,NA,NA,20.821,111.755,90.965,29.794
"442","France","1988",4.545,9.572,NA,NA,NA,NA,20.515,113.745,92.093,30.779
"443","France","1989",4.456,9.483,NA,NA,NA,NA,20.256,113.799,93.835,34.302
"444","France","1990",4.514,9.64,NA,NA,NA,NA,20.081,111.447,96.065,36.891
"445","France","1991",4.841,10.006,NA,NA,NA,NA,19.891,108.808,100.638,39.457
"446","France","1992",4.735,9.569,NA,NA,NA,NA,19.785,106.427,104.522,42.792
"447","France","1993",5.43,10.426,NA,NA,NA,NA,19.729,104.382,105.306,45.717
"448","France","1994",5.626,10.529,NA,NA,NA,NA,19.663,104.788,113.77,49.536
"449","France","1995",5.791,10.946,NA,NA,NA,NA,19.559,105.266,113.963,50.377
"450","France","1996",5.757,10.797,NA,NA,NA,NA,19.44,106.131,112.584,52.364
"451","France","1997",NA,NA,NA,NA,NA,NA,19.316,105.125,111.54,53.335
"452","France","1998",5.688,10.747,NA,NA,NA,NA,19.181,105.206,110.553,53.884
"453","France","1999",5.674,10.782,17.49,28.829,29.993,NA,19.042,100.809,105.766,51.49
"454","France","2000",5.542,10.729,17.527,28.409,29.497,NA,18.907,100.428,105.59,50.603
"455","France","2001",5.44,10.518,17.51,28.31,28.983,NA,18.841,100.382,104.571,50.447
"456","France","2002",5.431,10.287,17.767,28.509,29.276,NA,18.752,100.249,103.186,50.252
"457","France","2003",5.747,10.787,17.744,29.871,34.186,NA,18.654,99.975,102.772,52.317
"458","France","2004",5.659,10.681,17.952,29.286,34.256,NA,18.566,99.811,102.22,53.458
"459","France","2005",5.519,10.355,NA,NA,NA,NA,18.494,104.636,106.782,53.882
"460","France","2006",5.457,10.321,NA,NA,33.752,NA,18.48,104.279,106.928,53.875
"461","France","2007",5.457,10.382,NA,NA,35.159,NA,18.48,103.86,106.694,52.948
"462","France","2008",5.454,10.232,NA,NA,NA,NA,18.489,103.622,106.433,52.476
"463","France","2009",5.746,10.054,NA,NA,NA,NA,18.491,103.041,106.239,52.773
"464","France","2010",5.693,10.007,NA,NA,NA,NA,18.478,102.761,106.425,54.882
"465","France","2011",5.518,9.803,NA,NA,NA,NA,18.488,102.691,106.611,55.626
"466","France","2012",5.456,9.554,NA,NA,NA,NA,18.487,102.523,105.814,57.909
"467","France","2013",5.5,9.611,NA,NA,NA,NA,18.468,102.276,104.377,59.849
"468","France","2014",5.512,9.634,NA,NA,NA,NA,18.425,101.28,103.426,61.51
"469","France","2015",5.464,9.62,NA,NA,NA,NA,18.352,101.99,103.396,62.786
"470","France","2016",5.433,9.603,NA,NA,NA,NA,18.246,102.26,103.308,64.728
"471","France","2017",NA,NA,NA,NA,NA,NA,18.11,102.511,103.76,65.629
"472","France","2018",NA,NA,NA,NA,NA,NA,17.956,NA,NA,NA
"473","United Kingdom","1960",NA,NA,NA,NA,NA,NA,23.156,NA,NA,NA
"474","United Kingdom","1961",NA,NA,NA,NA,NA,NA,23.294,NA,NA,NA
"475","United Kingdom","1962",NA,NA,NA,NA,NA,NA,23.3,NA,NA,NA
"476","United Kingdom","1963",NA,NA,NA,NA,NA,NA,23.24,NA,NA,NA
"477","United Kingdom","1964",NA,NA,NA,NA,NA,NA,23.227,NA,NA,NA
"478","United Kingdom","1965",NA,NA,NA,NA,NA,NA,23.302,NA,NA,NA
"479","United Kingdom","1966",NA,NA,NA,NA,NA,NA,23.52,NA,NA,NA
"480","United Kingdom","1967",NA,NA,NA,NA,NA,NA,23.72,NA,NA,NA
"481","United Kingdom","1968",NA,NA,NA,NA,NA,NA,23.91,NA,NA,NA
"482","United Kingdom","1969",NA,NA,NA,NA,NA,NA,24.067,NA,NA,NA
"483","United Kingdom","1970",NA,NA,NA,NA,NA,NA,24.166,NA,NA,NA
"484","United Kingdom","1971",5.032,NA,NA,NA,NA,NA,24.158,104.026,76.493,14.58
"485","United Kingdom","1972",5.159,NA,NA,NA,NA,NA,24.115,103.364,76.995,15.438
"486","United Kingdom","1973",5.449,NA,NA,NA,NA,NA,24.009,102.612,77.372,16.066
"487","United Kingdom","1974",5.391,NA,NA,NA,NA,NA,23.806,102.686,81.985,16.72
"488","United Kingdom","1975",6.269,NA,NA,NA,NA,NA,23.499,102.879,82.169,18.545
"489","United Kingdom","1976",6.424,NA,NA,NA,NA,NA,23.103,103.339,82.438,19.18
"490","United Kingdom","1977",6.063,NA,NA,NA,NA,NA,22.637,103.769,82.395,19.325
"491","United Kingdom","1978",NA,NA,NA,NA,NA,NA,22.11,103.902,81.772,19.126
"492","United Kingdom","1979",NA,NA,NA,NA,NA,NA,21.559,104.121,81.381,19.164
"493","United Kingdom","1980",5.07,NA,NA,NA,NA,NA,21.022,104.304,80.772,18.85
"494","United Kingdom","1981",5.288,12.644,NA,NA,NA,NA,20.548,103.934,80.957,18.885
"495","United Kingdom","1982",5.189,11.602,NA,NA,NA,NA,20.119,103.034,81.968,18.961
"496","United Kingdom","1983",5.062,11.408,NA,NA,NA,NA,19.743,101.825,83.223,21.058
"497","United Kingdom","1984",4.899,11.206,NA,NA,NA,NA,19.421,102.499,83.457,21.073
"498","United Kingdom","1985",4.594,10.459,NA,NA,NA,NA,19.153,102.749,83.592,20.998
"499","United Kingdom","1986",4.381,10.216,NA,NA,NA,NA,19.05,105.084,83.986,21.518
"500","United Kingdom","1987",4.372,10.507,NA,NA,NA,NA,18.957,106.744,83.691,22.543
"501","United Kingdom","1988",4.268,10.787,NA,NA,NA,NA,18.9,107.736,83.316,23.313
"502","United Kingdom","1989",4.125,11.137,NA,NA,NA,NA,18.903,107.405,83.393,24.4
"503","United Kingdom","1990",4.056,11.166,NA,NA,NA,NA,18.966,106.831,84.366,26.482
"504","United Kingdom","1991",4.122,10.911,NA,NA,NA,NA,19.02,105.48,87.557,29.182
"505","United Kingdom","1992",4.334,11.194,NA,NA,NA,NA,19.13,104.172,91.078,33.231
"506","United Kingdom","1993",NA,NA,NA,NA,NA,NA,19.27,NA,101.009,37.986
"507","United Kingdom","1994",4.851,11.889,NA,NA,NA,NA,19.391,NA,102.698,42.815
"508","United Kingdom","1995",4.839,11.969,NA,NA,NA,NA,19.463,NA,103.101,48.258
"509","United Kingdom","1996",4.408,11.756,NA,NA,NA,NA,19.451,NA,102.002,50.084
"510","United Kingdom","1997",NA,NA,NA,NA,NA,NA,19.394,NA,99.821,53.288
"511","United Kingdom","1998",4.23,12.22,12.499,22.676,27.926,NA,19.297,100.797,98.942,55.544
"512","United Kingdom","1999",4.025,11.75,12.345,21.138,22.755,NA,19.174,100.669,101.162,60.112
"513","United Kingdom","2000",4.072,12.02,12.748,21.91,20.706,NA,19.032,100.359,101.896,58.474
"514","United Kingdom","2001",4.144,12.259,13.269,21.947,20.348,NA,18.845,100.23,101.787,59.268
"515","United Kingdom","2002",4.692,13.515,14.451,23.7,25.552,NA,18.627,99.823,102.743,62.568
"516","United Kingdom","2003",4.848,13.601,16.34,25.077,24.862,NA,18.394,99.993,102.099,62.069
"517","United Kingdom","2004",4.773,12.938,15.918,23.862,24.439,NA,18.172,105.935,104.689,59.351
"518","United Kingdom","2005",4.977,13.174,17.047,23.523,29.095,NA,17.978,106.386,105.422,58.966
"519","United Kingdom","2006",5.021,13.136,19.767,24.517,26.095,NA,17.828,105.069,98.244,59.032
"520","United Kingdom","2007",4.953,13.033,20.947,25.603,22.177,NA,17.719,103.241,97.194,58.495
"521","United Kingdom","2008",4.936,12.955,20.813,24.69,20.41,NA,17.641,105.062,98.34,56.644
"522","United Kingdom","2009",5.131,12.615,22.344,28.567,18.867,NA,17.571,104.26,100.17,57.901
"523","United Kingdom","2010",5.77,13.026,24.453,31.349,23.764,NA,17.495,104.555,102.905,58.923
"524","United Kingdom","2011",5.646,12.697,24.674,29.454,31.421,NA,17.551,104.426,93.766,59.146
"525","United Kingdom","2012",NA,NA,NA,NA,NA,NA,17.553,106.246,91.553,59.402
"526","United Kingdom","2013",5.588,12.916,23.147,22.605,40.207,NA,17.534,107.112,123.776,57.039
"527","United Kingdom","2014",5.665,13.668,23.578,22.876,41.203,NA,17.532,102.255,126.39,56.565
"528","United Kingdom","2015",5.609,13.837,24.979,23.057,35.351,NA,17.556,101.925,124.524,56.458
"529","United Kingdom","2016",5.487,13.831,24.173,21.187,37.99,NA,17.59,101.335,NA,58.426
"530","United Kingdom","2017",NA,NA,NA,NA,NA,NA,17.635,101.155,125.852,59.996
"531","United Kingdom","2018",NA,NA,NA,NA,NA,NA,17.678,NA,NA,NA
"532","Indonesia","1960",NA,NA,NA,NA,NA,NA,39.941,NA,NA,NA
"533","Indonesia","1961",NA,NA,NA,NA,NA,NA,40.482,NA,NA,NA
"534","Indonesia","1962",NA,NA,NA,NA,NA,NA,40.98,NA,NA,NA
"535","Indonesia","1963",NA,NA,NA,NA,NA,NA,41.441,NA,NA,NA
"536","Indonesia","1964",NA,NA,NA,NA,NA,NA,41.857,NA,NA,NA
"537","Indonesia","1965",NA,NA,NA,NA,NA,NA,42.218,NA,NA,NA
"538","Indonesia","1966",NA,NA,NA,NA,NA,NA,42.567,NA,NA,NA
"539","Indonesia","1967",NA,NA,NA,NA,NA,NA,42.868,NA,NA,NA
"540","Indonesia","1968",NA,NA,NA,NA,NA,NA,43.096,NA,NA,NA
"541","Indonesia","1969",NA,NA,NA,NA,NA,NA,43.221,NA,NA,NA
"542","Indonesia","1970",NA,NA,NA,NA,NA,NA,43.238,83.68,18.217,2.851
"543","Indonesia","1971",NA,NA,NA,NA,NA,NA,43.286,84.849,18.581,NA
"544","Indonesia","1972",2.788,NA,NA,NA,NA,NA,43.209,85.825,18.674,2.739
"545","Indonesia","1973",NA,NA,NA,NA,NA,NA,43.037,86.107,19.001,2.662
"546","Indonesia","1974",NA,NA,NA,NA,NA,NA,42.812,85.024,19.58,2.575
"547","Indonesia","1975",NA,NA,NA,NA,NA,NA,42.559,87.14,21.077,2.577
"548","Indonesia","1976",NA,NA,NA,NA,NA,NA,42.341,89.808,21.848,2.609
"549","Indonesia","1977",NA,NA,NA,NA,NA,NA,42.086,92.302,22.591,2.303
"550","Indonesia","1978",NA,NA,NA,NA,NA,NA,41.794,100.404,24.028,2.432
"551","Indonesia","1979",NA,NA,NA,NA,NA,NA,41.463,NA,NA,2.328
"552","Indonesia","1980",NA,NA,NA,NA,NA,67.313,41.095,NA,NA,3.346
"553","Indonesia","1981",NA,NA,NA,NA,NA,NA,40.758,109.965,28.356,3.828
"554","Indonesia","1982",NA,NA,NA,NA,NA,NA,40.388,114.472,30.535,3.861
"555","Indonesia","1983",NA,NA,NA,NA,NA,NA,39.985,116.704,34.048,4.087
"556","Indonesia","1984",NA,NA,NA,NA,NA,NA,39.543,119.569,34.301,5.365
"557","Indonesia","1985",NA,NA,NA,NA,NA,NA,39.061,121.164,NA,6.149
"558","Indonesia","1986",NA,NA,NA,NA,NA,NA,38.623,119.598,41.899,6.4
"559","Indonesia","1987",NA,NA,NA,NA,NA,NA,38.12,118.101,47.394,7.594
"560","Indonesia","1988",NA,NA,NA,NA,NA,NA,37.573,117.154,49.35,6.868
"561","Indonesia","1989",0.871,NA,NA,NA,NA,NA,37.011,116.314,49.193,7.935
"562","Indonesia","1990",NA,NA,NA,NA,NA,81.52,36.451,114.341,46.59,8.379
"563","Indonesia","1991",NA,NA,NA,NA,NA,NA,35.888,112.621,44.815,8.617
"564","Indonesia","1992",NA,NA,NA,NA,NA,NA,35.354,110.887,44.067,9.432
"565","Indonesia","1993",NA,NA,NA,NA,NA,NA,34.828,110.242,43.729,9.396
"566","Indonesia","1994",0.999,5.864,NA,NA,NA,NA,34.272,110.964,44.751,10.536
"567","Indonesia","1995",1.004,6.146,NA,NA,NA,NA,33.672,110.483,47.579,11.334
"568","Indonesia","1996",1.079,7.497,NA,NA,NA,NA,33.109,109.965,50.347,11.543
"569","Indonesia","1997",1.072,7.71,NA,NA,24.05,NA,32.495,109.901,54.083,13.383
"570","Indonesia","1998",NA,NA,NA,NA,NA,NA,31.856,110.734,54.327,13.358
"571","Indonesia","1999",NA,NA,NA,NA,NA,NA,31.242,111.351,54.407,14.747
"572","Indonesia","2000",NA,NA,NA,NA,NA,NA,30.692,108.759,55.077,14.877
"573","Indonesia","2001",2.46,11.594,NA,NA,NA,NA,30.452,109.751,55.54,14.184
"574","Indonesia","2002",2.646,14.369,NA,NA,NA,NA,30.266,109.921,57.162,14.803
"575","Indonesia","2003",3.218,16.278,NA,NA,NA,NA,30.121,109.527,60.143,16.013
"576","Indonesia","2004",2.748,14.17,NA,NA,NA,90.385,29.997,108.934,61.867,16.595
"577","Indonesia","2005",2.873,15.149,NA,NA,NA,NA,29.881,107.955,60.154,17.226
"578","Indonesia","2006",NA,NA,NA,NA,NA,91.982,29.521,106.268,62.641,17.28
"579","Indonesia","2007",3.044,14.944,11.517,9.514,23.77,NA,29.245,109.306,70.541,17.795
"580","Indonesia","2008",2.902,13.675,11.394,9.452,17.023,92.192,29.045,107.823,69.656,20.668
"581","Indonesia","2009",3.525,19.308,13.529,11.02,21.122,92.582,28.913,108.549,74.628,22.989
"582","Indonesia","2010",2.812,16.654,9.991,8.304,21.894,NA,28.828,109.15,76.426,24.076
"583","Indonesia","2011",3.189,18.006,NA,NA,NA,92.812,28.524,109.18,79.114,26.303
"584","Indonesia","2012",3.407,18.09,11.505,10.297,23.369,NA,28.275,109.273,80.452,30.429
"585","Indonesia","2013",3.359,17.604,11.939,9.874,21.622,NA,28.038,106.842,82.638,31.064
"586","Indonesia","2014",3.288,17.672,12.279,9.953,19.537,95.116,27.768,106.073,82.682,30.896
"587","Indonesia","2015",3.584,20.503,13.27,10.513,20.752,95.218,27.451,105.96,86.123,33.251
"588","Indonesia","2016",NA,NA,NA,NA,NA,95.377,27.233,105.61,84.952,35.437
"589","Indonesia","2017",NA,NA,NA,NA,NA,NA,26.915,105.911,87.059,36.444
"590","Indonesia","2018",NA,NA,NA,NA,NA,95.659,26.551,106.411,88.91,36.311
"591","India","1960",NA,NA,NA,NA,NA,NA,40.455,NA,NA,NA
"592","India","1961",NA,NA,NA,NA,NA,NA,40.722,NA,NA,NA
"593","India","1962",NA,NA,NA,NA,NA,NA,41.042,NA,NA,NA
"594","India","1963",NA,NA,NA,NA,NA,NA,41.348,NA,NA,NA
"595","India","1964",NA,NA,NA,NA,NA,NA,41.537,NA,NA,NA
"596","India","1965",NA,NA,NA,NA,NA,NA,41.569,NA,NA,NA
"597","India","1966",NA,NA,NA,NA,NA,NA,41.653,NA,NA,NA
"598","India","1967",NA,NA,NA,NA,NA,NA,41.567,NA,NA,NA
"599","India","1968",NA,NA,NA,NA,NA,NA,41.365,NA,NA,NA
"600","India","1969",NA,NA,NA,NA,NA,NA,41.132,NA,NA,NA
"601","India","1970",NA,NA,NA,NA,NA,NA,40.914,NA,NA,NA
"602","India","1971",NA,NA,NA,NA,NA,NA,40.79,78.514,23.84,4.925
"603","India","1972",NA,NA,NA,NA,NA,NA,40.65,79.253,24.321,NA
"604","India","1973",NA,NA,NA,NA,NA,NA,40.494,82.367,24.805,4.983
"605","India","1974",NA,NA,NA,NA,NA,NA,40.305,81.77,NA,NA
"606","India","1975",NA,NA,NA,NA,NA,NA,40.078,82.642,25.527,NA
"607","India","1976",NA,NA,NA,NA,NA,NA,39.982,82.494,25.692,4.967
"608","India","1977",NA,NA,NA,NA,NA,NA,39.825,85.098,26.272,4.831
"609","India","1978",NA,NA,NA,NA,NA,NA,39.632,81.305,26.658,4.984
"610","India","1979",NA,NA,NA,NA,NA,NA,39.434,81.081,NA,4.959
"611","India","1980",NA,NA,NA,NA,NA,NA,39.248,82.444,28.864,4.964
"612","India","1981",NA,NA,NA,NA,NA,40.764,39.174,84.012,30.324,5.247
"613","India","1982",NA,NA,NA,NA,NA,NA,39.103,84.659,31.847,4.94
"614","India","1983",NA,NA,NA,NA,NA,NA,39.023,86.57,33.85,5.555
"615","India","1984",NA,NA,NA,NA,NA,NA,38.91,88.148,35.24,5.857
"616","India","1985",NA,NA,NA,NA,NA,NA,38.752,87.948,NA,5.829
"617","India","1986",NA,NA,NA,NA,NA,NA,38.71,90.075,37.345,5.987
"618","India","1987",NA,NA,NA,NA,NA,NA,38.584,87.898,36.96,6.331
"619","India","1988",NA,NA,NA,NA,NA,NA,38.401,89.191,37.04,5.534
"620","India","1989",NA,NA,NA,NA,NA,NA,38.191,92.142,37.202,5.75
"621","India","1990",NA,NA,NA,NA,NA,NA,37.966,91.44,NA,5.947
"622","India","1991",NA,NA,NA,NA,NA,48.222,37.766,91.146,NA,6.03
"623","India","1992",NA,NA,NA,NA,NA,NA,37.543,91.428,NA,NA
"624","India","1993",NA,NA,NA,NA,NA,NA,37.29,93.119,45.343,NA
"625","India","1994",NA,NA,NA,NA,NA,NA,36.993,94.241,45.653,NA
"626","India","1995",NA,NA,NA,NA,NA,NA,36.65,93.971,45.351,5.537
"627","India","1996",NA,NA,NA,NA,NA,NA,36.327,93.849,45.28,6.269
"628","India","1997",3.361,13.322,NA,NA,NA,NA,35.965,93.49,45.83,6.546
"629","India","1998",3.573,14.159,NA,NA,NA,NA,35.572,91.877,NA,NA
"630","India","1999",4.415,16.96,12.144,25.276,NA,NA,35.156,92.563,43.035,NA
"631","India","2000",4.325,16.731,14.79,25.253,96.554,NA,34.726,94.271,44.872,9.509
"632","India","2001",NA,NA,13.685,23.869,NA,61.015,34.36,94.115,45.152,9.694
"633","India","2002",NA,NA,NA,NA,NA,NA,33.968,94.746,47.073,10.176
"634","India","2003",3.613,12.411,11.314,20.244,70.033,NA,33.56,102.683,49.625,10.625
"635","India","2004",3.353,11.197,NA,18.281,62.719,NA,33.149,NA,51.372,10.933
"636","India","2005",3.189,11.208,NA,17.215,59.624,NA,32.739,NA,53.969,10.68
"637","India","2006",3.143,11.694,NA,16.696,56.749,62.754,32.375,NA,54.883,11.486
"638","India","2007",NA,NA,NA,NA,NA,NA,32.01,110.02,57.276,13.127
"639","India","2008",NA,NA,NA,NA,NA,NA,31.638,110.697,60.356,15.047
"640","India","2009",3.278,11.191,7.568,13.553,77.325,NA,31.241,109.451,59.614,16.031
"641","India","2010",3.378,11.834,7.469,14.086,71.34,NA,30.81,109.101,63.116,17.834
"642","India","2011",3.796,13.565,9.006,15.188,60.81,69.303,30.396,108.323,66.251,22.765
"643","India","2012",3.868,13.992,9.385,15.681,54.313,NA,29.929,109.761,69.013,24.268
"644","India","2013",3.845,14.05,9.771,16.818,49.167,NA,29.428,110.583,68.759,23.795
"645","India","2014",NA,NA,NA,NA,NA,NA,28.925,107.864,74.142,25.432
"646","India","2015",NA,NA,NA,NA,NA,NA,28.441,108.485,73.866,26.769
"647","India","2016",NA,NA,NA,NA,NA,NA,27.932,114.538,75.092,26.829
"648","India","2017",NA,NA,NA,NA,NA,NA,27.479,112.958,73.477,27.442
"649","India","2018",NA,NA,NA,NA,NA,74.373,27.053,NA,NA,28.061
"650","Italy","1960",NA,NA,NA,NA,NA,NA,25.073,NA,NA,NA
"651","Italy","1961",NA,NA,NA,NA,NA,NA,25.016,NA,NA,NA
"652","Italy","1962",NA,NA,NA,NA,NA,NA,24.893,NA,NA,NA
"653","Italy","1963",NA,NA,NA,NA,NA,NA,24.741,NA,NA,NA
"654","Italy","1964",NA,NA,NA,NA,NA,NA,24.628,NA,NA,NA
"655","Italy","1965",NA,NA,NA,NA,NA,NA,24.577,NA,NA,NA
"656","Italy","1966",NA,NA,NA,NA,NA,NA,24.599,NA,NA,NA
"657","Italy","1967",NA,NA,NA,NA,NA,NA,24.611,NA,NA,NA
"658","Italy","1968",NA,NA,NA,NA,NA,NA,24.622,NA,NA,NA
"659","Italy","1969",NA,NA,NA,NA,NA,NA,24.636,NA,NA,NA
"660","Italy","1970",3.378,NA,NA,NA,NA,NA,24.651,NA,NA,NA
"661","Italy","1971",2.908,NA,NA,NA,NA,NA,24.588,108.581,59.888,16.869
"662","Italy","1972",NA,NA,NA,NA,NA,NA,24.552,108.358,62.236,19.515
"663","Italy","1973",NA,NA,NA,NA,NA,NA,24.503,108.312,64.666,20.352
"664","Italy","1974",3.848,NA,NA,NA,NA,NA,24.38,107.937,66.505,21.662
"665","Italy","1975",3.724,NA,NA,NA,NA,NA,24.15,107.48,67.302,23.964
"666","Italy","1976",3.932,NA,NA,NA,NA,NA,23.898,106.294,70.241,25.178
"667","Italy","1977",NA,NA,NA,NA,NA,NA,23.515,104.759,71.811,26.176
"668","Italy","1978",3.793,NA,NA,NA,NA,NA,23.032,103.533,72.699,26.682
"669","Italy","1979",4.178,NA,NA,NA,NA,NA,22.507,102.433,72.635,27.218
"670","Italy","1980",NA,NA,NA,NA,NA,NA,21.975,102.238,72.366,26.894
"671","Italy","1981",NA,NA,NA,NA,NA,96.461,21.402,101.841,72.173,26.78
"672","Italy","1982",NA,NA,NA,NA,NA,NA,20.847,101.579,72.045,NA
"673","Italy","1983",4.503,NA,NA,NA,NA,NA,20.297,101.006,72.571,24.737
"674","Italy","1984",4.79,NA,NA,NA,NA,NA,19.728,100.766,73.072,24.843
"675","Italy","1985",4.705,NA,NA,NA,NA,NA,19.134,100.683,73.829,25.794
"676","Italy","1986",4.67,NA,NA,NA,NA,NA,18.584,99.725,74.946,25.608
"677","Italy","1987",NA,NA,NA,NA,NA,NA,18.02,98.811,76.165,24.838
"678","Italy","1988",4.608,NA,NA,NA,NA,NA,17.463,98.556,77.373,26.484
"679","Italy","1989",NA,NA,NA,NA,NA,NA,16.942,98.204,78.536,28.065
"680","Italy","1990",NA,NA,NA,NA,NA,NA,16.475,98.328,80.301,29.539
"681","Italy","1991",NA,NA,NA,NA,NA,NA,16.101,98.436,81.031,31.764
"682","Italy","1992",NA,NA,NA,NA,NA,NA,15.768,99.336,82.289,33.805
"683","Italy","1993",4.75,8.717,NA,NA,NA,NA,15.48,100.011,83.436,35.985
"684","Italy","1994",4.448,8.24,NA,NA,NA,NA,15.227,98.411,87.456,40.062
"685","Italy","1995",4.333,8.595,NA,NA,NA,NA,15,98.043,88.64,41.479
"686","Italy","1996",4.46,9.116,NA,NA,NA,NA,14.821,99.168,89.548,42.338
"687","Italy","1997",NA,NA,NA,NA,NA,NA,14.661,100.068,90.32,46.852
"688","Italy","1998",4.463,9.239,22.205,26.46,22.142,NA,14.52,101.444,90.628,48.313
"689","Italy","1999",4.523,9.549,23.113,26.666,26.501,NA,14.405,104.539,92.057,48.555
"690","Italy","2000",4.299,9.223,22.282,25.617,25.585,NA,14.324,103.903,93.054,49.811
"691","Italy","2001",4.669,9.825,22.791,28.965,24.008,98.417,14.242,103.485,96.099,52.877
"692","Italy","2002",4.447,9.505,23.483,25.899,25.317,NA,14.2,102.833,98.145,55.552
"693","Italy","2003",4.555,9.641,24.099,27.125,22.401,NA,14.185,102.425,99.129,58.677
"694","Italy","2004",4.397,9.388,23.639,25.902,21.601,NA,14.179,102.063,99.018,62.243
"695","Italy","2005",4.249,9.014,21.849,25.413,21.075,NA,14.167,102.291,99.288,64.438
"696","Italy","2006",4.538,9.527,23.692,26.92,22.087,NA,14.182,103.109,100.053,66.108
"697","Italy","2007",4.119,8.802,21.408,23.826,20.922,NA,14.179,104.113,100.47,66.683
"698","Italy","2008",4.403,9.205,23.092,25.245,23.569,NA,14.158,104.274,101.101,66.344
"699","Italy","2009",4.536,8.867,23.943,25.257,24.346,NA,14.124,103.486,101.417,66.55
"700","Italy","2010",4.352,8.724,22.835,23.943,24.445,NA,14.079,102.994,102.904,65.774
"701","Italy","2011",4.144,8.392,21.519,22.57,24.206,98.848,14.065,102.504,103.332,65.563
"702","Italy","2012",4.084,8.041,20.412,22.537,24.535,NA,14.018,101.292,102.033,64.134
"703","Italy","2013",4.165,8.156,21.388,22.908,26.273,NA,13.941,101.897,102.409,62.296
"704","Italy","2014",4.075,8.006,21.208,22.221,26.272,NA,13.84,101.151,102.281,61.703
"705","Italy","2015",4.082,8.12,21.734,22.905,25.266,NA,13.715,100.387,102.256,60.939
"706","Italy","2016",3.829,7.809,19.523,NA,24.328,NA,13.605,99.425,101.662,60.937
"707","Italy","2017",NA,NA,NA,NA,NA,NA,13.475,101.879,101.27,61.933
"708","Italy","2018",NA,NA,NA,NA,NA,99.156,13.329,NA,NA,NA
"709","Japan","1960",NA,NA,NA,NA,NA,NA,30.264,NA,NA,NA
"710","Japan","1961",NA,NA,NA,NA,NA,NA,29.409,NA,NA,NA
"711","Japan","1962",NA,NA,NA,NA,NA,NA,28.478,NA,NA,NA
"712","Japan","1963",NA,NA,NA,NA,NA,NA,27.521,NA,NA,NA
"713","Japan","1964",NA,NA,NA,NA,NA,NA,26.631,NA,NA,NA
"714","Japan","1965",NA,NA,NA,NA,NA,NA,25.866,NA,NA,NA
"715","Japan","1966",NA,NA,NA,NA,NA,NA,25.336,NA,NA,NA
"716","Japan","1967",NA,NA,NA,NA,NA,NA,24.859,NA,NA,NA
"717","Japan","1968",NA,NA,NA,NA,NA,NA,24.477,NA,NA,NA
"718","Japan","1969",NA,NA,NA,NA,NA,NA,24.226,NA,NA,NA
"719","Japan","1970",NA,NA,NA,NA,NA,NA,24.114,NA,NA,NA
"720","Japan","1971",3.656,NA,NA,NA,NA,NA,24.035,NA,NA,NA
"721","Japan","1972",4.011,NA,NA,NA,NA,NA,24.112,NA,NA,NA
"722","Japan","1973",4.043,NA,NA,NA,NA,NA,24.273,NA,NA,NA
"723","Japan","1974",4.04,NA,NA,NA,NA,NA,24.396,NA,NA,NA
"724","Japan","1975",4.669,NA,NA,NA,NA,NA,24.407,NA,NA,NA
"725","Japan","1976",4.851,NA,NA,NA,NA,NA,24.488,NA,NA,NA
"726","Japan","1977",4.84,NA,NA,NA,NA,NA,24.359,NA,NA,NA
"727","Japan","1978",4.894,NA,NA,NA,NA,NA,24.095,NA,NA,NA
"728","Japan","1979",5.057,NA,NA,NA,NA,NA,23.818,NA,NA,NA
"729","Japan","1980",5.069,NA,NA,NA,NA,NA,23.584,NA,NA,NA
"730","Japan","1981",5.064,16.125,NA,NA,NA,NA,23.136,NA,NA,NA
"731","Japan","1982",5.046,15.677,NA,NA,NA,NA,22.823,NA,NA,NA
"732","Japan","1983",4.824,14.886,NA,NA,NA,NA,22.548,NA,NA,NA
"733","Japan","1984",NA,NA,NA,NA,NA,NA,22.173,NA,NA,NA
"734","Japan","1985",NA,NA,NA,NA,NA,NA,21.643,NA,NA,NA
"735","Japan","1986",NA,NA,NA,NA,NA,NA,21.162,NA,NA,NA
"736","Japan","1987",5.597,18.054,NA,NA,NA,NA,20.521,NA,NA,NA
"737","Japan","1988",5.556,17.797,NA,NA,NA,NA,19.788,NA,NA,NA
"738","Japan","1989",5.367,17.643,NA,NA,NA,NA,19.085,NA,NA,NA
"739","Japan","1990",NA,NA,NA,NA,NA,NA,18.475,NA,NA,NA
"740","Japan","1991",NA,NA,NA,NA,NA,NA,17.921,NA,NA,NA
"741","Japan","1992",NA,NA,NA,NA,NA,NA,17.438,NA,NA,NA
"742","Japan","1993",3.429,11.115,NA,NA,NA,NA,17.019,NA,NA,NA
"743","Japan","1994",3.636,11.106,NA,NA,NA,NA,16.627,NA,NA,NA
"744","Japan","1995",3.466,10.381,NA,NA,NA,NA,16.246,NA,NA,NA
"745","Japan","1996",NA,NA,NA,NA,NA,NA,15.897,NA,NA,NA
"746","Japan","1997",NA,NA,NA,NA,NA,NA,15.588,NA,NA,NA
"747","Japan","1998",3.356,9.966,19.414,19.435,12.852,NA,15.306,NA,NA,NA
"748","Japan","1999",3.433,8.742,NA,NA,NA,NA,15.039,NA,NA,NA
"749","Japan","2000",3.516,9.724,NA,NA,NA,NA,14.784,NA,NA,NA
"750","Japan","2001",3.457,9.457,NA,NA,NA,NA,14.579,NA,NA,NA
"751","Japan","2002",3.465,9.617,NA,NA,NA,NA,14.366,NA,NA,NA
"752","Japan","2003",3.524,9.671,NA,NA,NA,NA,14.159,NA,NA,NA
"753","Japan","2004",3.483,9.639,NA,NA,NA,NA,13.978,NA,NA,NA
"754","Japan","2005",3.369,9.69,NA,NA,NA,NA,13.83,NA,NA,NA
"755","Japan","2006",3.329,9.622,NA,NA,NA,NA,13.687,NA,NA,NA
"756","Japan","2007",3.331,9.775,NA,NA,NA,NA,13.587,NA,NA,NA
"757","Japan","2008",3.319,9.76,NA,NA,NA,NA,13.513,NA,NA,NA
"758","Japan","2009",NA,NA,NA,NA,NA,NA,13.439,NA,NA,NA
"759","Japan","2010",3.64,9.211,NA,NA,NA,NA,13.355,NA,NA,NA
"760","Japan","2011",3.643,9.449,NA,NA,NA,NA,13.306,NA,NA,NA
"761","Japan","2012",3.692,9.367,NA,NA,NA,NA,13.242,NA,NA,NA
"762","Japan","2013",3.665,9.309,NA,NA,NA,NA,13.166,NA,NA,NA
"763","Japan","2014",3.591,9.093,NA,NA,NA,NA,13.081,NA,NA,NA
"764","Japan","2015",NA,NA,NA,NA,NA,NA,12.989,NA,NA,NA
"765","Japan","2016",NA,NA,NA,NA,NA,NA,12.914,NA,NA,NA
"766","Japan","2017",NA,NA,NA,NA,NA,NA,12.814,NA,NA,NA
"767","Japan","2018",NA,NA,NA,NA,NA,NA,12.697,NA,NA,NA
"768","Korea, Rep.","1960",NA,NA,NA,NA,NA,NA,43.239,NA,NA,NA
"769","Korea, Rep.","1961",NA,NA,NA,NA,NA,NA,43.671,NA,NA,NA
"770","Korea, Rep.","1962",NA,NA,NA,NA,NA,NA,43.78,NA,NA,NA
"771","Korea, Rep.","1963",NA,NA,NA,NA,NA,NA,43.676,NA,NA,NA
"772","Korea, Rep.","1964",NA,NA,NA,NA,NA,NA,43.524,NA,NA,NA
"773","Korea, Rep.","1965",NA,NA,NA,NA,NA,NA,43.398,NA,NA,NA
"774","Korea, Rep.","1966",NA,NA,NA,NA,NA,NA,43.121,NA,NA,NA
"775","Korea, Rep.","1967",NA,NA,NA,NA,NA,NA,42.925,NA,NA,NA
"776","Korea, Rep.","1968",NA,NA,NA,NA,NA,NA,42.723,NA,NA,NA
"777","Korea, Rep.","1969",NA,NA,NA,NA,NA,NA,42.388,NA,NA,NA
"778","Korea, Rep.","1970",3.416,NA,NA,NA,NA,NA,41.874,NA,NA,NA
"779","Korea, Rep.","1971",3.744,NA,NA,NA,NA,NA,41.276,105.013,38.996,6.78
"780","Korea, Rep.","1972",3.227,NA,NA,NA,NA,NA,40.575,106.509,42.648,6.977
"781","Korea, Rep.","1973",2.687,NA,NA,NA,NA,NA,39.797,106.374,45.866,7.151
"782","Korea, Rep.","1974",NA,NA,NA,NA,NA,NA,38.982,105.315,49.728,7.359
"783","Korea, Rep.","1975",2.097,NA,NA,NA,NA,NA,38.142,104.47,53.551,7.563
"784","Korea, Rep.","1976",2.766,NA,NA,NA,NA,NA,37.35,104.94,57.957,8.304
"785","Korea, Rep.","1977",2.438,NA,NA,NA,NA,NA,36.45,103.457,62.122,8.56
"786","Korea, Rep.","1978",NA,NA,NA,NA,NA,NA,35.515,103.514,65.542,9.207
"787","Korea, Rep.","1979",3.036,NA,NA,NA,NA,NA,34.64,104.779,69.617,10.352
"788","Korea, Rep.","1980",3.481,NA,NA,NA,NA,NA,33.866,105.095,75.685,12.436
"789","Korea, Rep.","1981",2.919,NA,NA,NA,NA,NA,32.978,105.475,81.037,14.866
"790","Korea, Rep.","1982",6.377,NA,NA,NA,NA,NA,32.262,105.103,81.812,19.07
"791","Korea, Rep.","1983",4.352,NA,NA,NA,NA,NA,31.624,104.652,83.531,23.679
"792","Korea, Rep.","1984",4.043,NA,NA,NA,NA,NA,30.909,103.217,87.9,27.732
"793","Korea, Rep.","1985",4.027,NA,NA,NA,NA,NA,30.045,101.902,90.087,30.942
"794","Korea, Rep.","1986",3.677,NA,NA,NA,NA,NA,29.301,100.937,92.181,33.426
"795","Korea, Rep.","1987",3.416,NA,NA,NA,NA,NA,28.309,101.647,94.36,34.608
"796","Korea, Rep.","1988",2.784,NA,NA,NA,NA,NA,27.201,102.157,92.755,35.153
"797","Korea, Rep.","1989",3.105,NA,NA,NA,NA,NA,26.203,103.557,93,35.479
"798","Korea, Rep.","1990",3.082,NA,NA,NA,NA,NA,25.438,105.302,92.897,36.532
"799","Korea, Rep.","1991",3.542,NA,NA,NA,NA,NA,24.582,105.214,92.216,37.598
"800","Korea, Rep.","1992",3.634,NA,NA,NA,NA,NA,24.1,104.81,91.816,39.189
"801","Korea, Rep.","1993",3.758,NA,NA,NA,NA,NA,23.83,103.845,93.794,42.955
"802","Korea, Rep.","1994",3.071,NA,NA,NA,NA,NA,23.513,103.675,97.179,44.56
"803","Korea, Rep.","1995",2.991,NA,NA,NA,NA,NA,23.029,103.303,98.695,48.326
"804","Korea, Rep.","1996",NA,NA,NA,NA,NA,NA,22.799,102.9,100.812,53.73
"805","Korea, Rep.","1997",NA,NA,NA,NA,NA,NA,22.279,101.84,99.219,69.239
"806","Korea, Rep.","1998",3.45,NA,16.441,13.797,6.481,NA,21.615,102.766,97.108,66.522
"807","Korea, Rep.","1999",3.454,NA,16.905,14.373,7.682,NA,21.03,102.564,96.307,72.345
"808","Korea, Rep.","2000",NA,NA,NA,NA,NA,NA,20.615,100.624,95.959,76.656
"809","Korea, Rep.","2001",NA,NA,NA,NA,NA,NA,20.112,99.243,95.617,79.569
"810","Korea, Rep.","2002",NA,NA,NA,NA,NA,NA,19.779,98.927,95.809,82.146
"811","Korea, Rep.","2003",NA,NA,NA,NA,NA,NA,19.534,99.917,96.494,84.36
"812","Korea, Rep.","2004",NA,NA,NA,NA,NA,NA,19.237,100.26,97.192,87.489
"813","Korea, Rep.","2005",NA,NA,NA,NA,NA,NA,18.827,101.109,97.068,91.694
"814","Korea, Rep.","2006",NA,NA,NA,NA,NA,NA,18.33,101.738,95.808,97.052
"815","Korea, Rep.","2007",NA,NA,NA,NA,NA,NA,17.802,102.92,95.247,101.928
"816","Korea, Rep.","2008",NA,NA,NA,NA,NA,NA,17.234,102.883,95.046,104.093
"817","Korea, Rep.","2009",NA,NA,NA,NA,NA,NA,16.657,102.004,95.976,104.278
"818","Korea, Rep.","2010",NA,NA,NA,NA,NA,NA,16.102,101.72,96.365,102.791
"819","Korea, Rep.","2011",NA,NA,NA,NA,NA,NA,15.616,101.712,96.898,100.747
"820","Korea, Rep.","2012",NA,NA,NA,NA,NA,NA,15.118,100.33,97.802,97.428
"821","Korea, Rep.","2013",NA,NA,NA,NA,NA,NA,14.632,98.063,99.365,95.609
"822","Korea, Rep.","2014",NA,NA,NA,NA,NA,NA,14.184,98.306,99.867,94.852
"823","Korea, Rep.","2015",NA,NA,NA,NA,14.761,NA,13.782,98.785,100.008,94.34
"824","Korea, Rep.","2016",NA,NA,27.847,28.178,15.024,NA,13.498,97.718,100.485,94.034
"825","Korea, Rep.","2017",NA,NA,NA,NA,NA,NA,13.225,98.089,100.338,94.35
"826","Korea, Rep.","2018",NA,NA,NA,NA,NA,NA,12.973,NA,NA,NA
"827","Mexico","1960",NA,NA,NA,NA,NA,NA,45.714,NA,NA,NA
"828","Mexico","1961",NA,NA,NA,NA,NA,NA,45.899,NA,NA,NA
"829","Mexico","1962",NA,NA,NA,NA,NA,NA,46.108,NA,NA,NA
"830","Mexico","1963",NA,NA,NA,NA,NA,NA,46.306,NA,NA,NA
"831","Mexico","1964",NA,NA,NA,NA,NA,NA,46.443,NA,NA,NA
"832","Mexico","1965",NA,NA,NA,NA,NA,NA,46.499,NA,NA,NA
"833","Mexico","1966",NA,NA,NA,NA,NA,NA,46.572,NA,NA,NA
"834","Mexico","1967",NA,NA,NA,NA,NA,NA,46.586,NA,NA,NA
"835","Mexico","1968",NA,NA,NA,NA,NA,NA,46.552,NA,NA,NA
"836","Mexico","1969",NA,NA,NA,NA,NA,NA,46.489,NA,NA,NA
"837","Mexico","1970",NA,NA,NA,NA,NA,NA,46.408,NA,NA,NA
"838","Mexico","1971",NA,NA,NA,NA,NA,NA,46.398,103.563,21.726,5.316
"839","Mexico","1972",NA,NA,NA,NA,NA,NA,46.348,105.643,23.45,5.754
"840","Mexico","1973",NA,NA,NA,NA,NA,NA,46.264,107.516,26.189,NA
"841","Mexico","1974",NA,NA,NA,NA,NA,NA,46.149,109.885,28.89,7.674
"842","Mexico","1975",NA,NA,NA,NA,NA,NA,45.997,108.673,31.302,9.026
"843","Mexico","1976",NA,NA,NA,NA,NA,NA,45.843,109.668,34.979,9.853
"844","Mexico","1977",NA,NA,NA,NA,NA,NA,45.643,112.799,37.818,9.71
"845","Mexico","1978",NA,NA,NA,NA,NA,NA,45.398,113.264,39.427,10.882
"846","Mexico","1979",NA,NA,NA,NA,NA,NA,45.108,118.714,42.715,12.042
"847","Mexico","1980",NA,NA,NA,NA,NA,82.989,44.767,120.72,45.27,13.432
"848","Mexico","1981",NA,NA,NA,NA,NA,NA,44.263,122.44,48.44,14.229
"849","Mexico","1982",NA,NA,NA,NA,NA,NA,43.745,122.658,52.822,14.793
"850","Mexico","1983",NA,NA,NA,NA,NA,NA,43.212,122.587,55.003,14.975
"851","Mexico","1984",NA,NA,NA,NA,NA,NA,42.66,122.204,56.754,15.358
"852","Mexico","1985",NA,NA,NA,NA,NA,NA,42.09,119.859,56.9,NA
"853","Mexico","1986",NA,NA,NA,NA,NA,NA,41.498,118.461,58.071,15.775
"854","Mexico","1987",NA,NA,NA,NA,NA,NA,40.919,116.938,58.08,15.533
"855","Mexico","1988",NA,NA,NA,NA,NA,NA,40.347,114.807,57.85,16.235
"856","Mexico","1989",2.282,NA,NA,NA,NA,NA,39.777,113.694,57.44,15.798
"857","Mexico","1990",2.325,NA,NA,NA,NA,87.556,39.207,112.253,56.109,15.425
"858","Mexico","1991",2.548,12.155,NA,NA,NA,NA,38.679,111.346,54.787,14.951
"859","Mexico","1992",3.005,15.096,NA,NA,NA,NA,38.154,111.047,54.869,NA
"860","Mexico","1993",NA,NA,NA,NA,NA,NA,37.641,110.55,55.477,14.352
"861","Mexico","1994",3.647,21.563,NA,NA,NA,NA,37.16,109.838,56.872,14.846
"862","Mexico","1995",3.693,24.121,NA,NA,NA,NA,36.715,109.438,58.893,15.445
"863","Mexico","1996",NA,NA,NA,NA,NA,NA,36.144,108.693,61.087,16.579
"864","Mexico","1997",NA,NA,NA,NA,NA,NA,35.616,108.58,63.431,17.186
"865","Mexico","1998",3.365,16.318,8.037,14.547,38.865,NA,35.123,108.352,67.052,18.236
"866","Mexico","1999",3.535,16.694,9.735,11.836,39.825,NA,34.654,108.593,69.202,19.28
"867","Mexico","2000",3.992,19.646,11.098,NA,NA,90.536,34.196,108.998,71.765,20.491
"868","Mexico","2001",4.241,20.624,11.6,16.049,30.607,NA,33.658,109.072,73.436,21.263
"869","Mexico","2002",4.455,21.465,12.156,13.743,42.366,90.275,33.173,109.425,76.006,22.106
"870","Mexico","2003",5.073,22.472,14.072,15.336,40.385,NA,32.722,109.506,79.864,22.884
"871","Mexico","2004",4.727,22.054,13.6,14.361,37.873,90.954,32.281,108.999,81.427,23.661
"872","Mexico","2005",4.846,21.904,13.803,14.99,38.471,91.63,31.837,108.601,82.304,24.216
"873","Mexico","2006",4.7,20.824,13.353,14.013,36.372,91.735,31.423,108.175,84.086,24.79
"874","Mexico","2007",4.691,19.889,13.527,13.599,37.999,92.795,30.95,108.8,84.907,25.421
"875","Mexico","2008",4.82,17.38,13.751,13.609,39.02,92.926,30.447,109.424,86.428,26.112
"876","Mexico","2009",5.188,18.665,14.544,15.682,43.838,93.442,29.959,110.545,85.938,26.587
"877","Mexico","2010",5.159,18.643,14.608,15.675,41.482,93.069,29.508,110.633,87.07,27.563
"878","Mexico","2011",5.106,18.421,14.385,15.682,36.966,93.52,29.077,110.541,88.19,28.341
"879","Mexico","2012",5.103,18.087,14.253,15.709,37.387,94.228,28.7,110.413,90.667,29.472
"880","Mexico","2013",4.696,16.906,14.588,15.869,38.058,93.963,28.355,109.442,93.328,30.3
"881","Mexico","2014",5.261,18.806,14.666,15.861,40.375,94.556,28.006,108.006,97.343,31.094
"882","Mexico","2015",5.235,19.019,14.891,15.628,37.586,94.472,27.636,106.606,100.833,31.819
"883","Mexico","2016",4.91,17.939,14.243,14.877,30.646,94.86,27.305,106.278,102.404,38.433
"884","Mexico","2017",NA,NA,NA,NA,NA,94.973,26.939,105.77,104.385,40.229
"885","Mexico","2018",NA,NA,NA,NA,NA,95.38,26.557,NA,NA,NA
"886","Netherlands","1960",NA,NA,NA,NA,NA,NA,30.056,NA,NA,NA
"887","Netherlands","1961",NA,NA,NA,NA,NA,NA,29.947,NA,NA,NA
"888","Netherlands","1962",NA,NA,NA,NA,NA,NA,29.609,NA,NA,NA
"889","Netherlands","1963",NA,NA,NA,NA,NA,NA,29.138,NA,NA,NA
"890","Netherlands","1964",NA,NA,NA,NA,NA,NA,28.695,NA,NA,NA
"891","Netherlands","1965",NA,NA,NA,NA,NA,NA,28.358,NA,NA,NA
"892","Netherlands","1966",NA,NA,NA,NA,NA,NA,28.14,NA,NA,NA
"893","Netherlands","1967",NA,NA,NA,NA,NA,NA,27.965,NA,NA,NA
"894","Netherlands","1968",NA,NA,NA,NA,NA,NA,27.821,NA,NA,NA
"895","Netherlands","1969",NA,NA,NA,NA,NA,NA,27.654,NA,NA,NA
"896","Netherlands","1970",6.302,NA,NA,NA,NA,NA,27.426,NA,NA,NA
"897","Netherlands","1971",6.41,NA,NA,NA,NA,NA,27.148,101.333,75.387,19.668
"898","Netherlands","1972",6.4,NA,NA,NA,NA,NA,26.809,100.189,78.377,21.503
"899","Netherlands","1973",5.918,NA,NA,NA,NA,NA,26.404,99.095,80.509,NA
"900","Netherlands","1974",6.418,NA,NA,NA,NA,NA,25.937,98.224,83.188,NA
"901","Netherlands","1975",6.454,NA,NA,NA,NA,NA,25.413,97.885,84.828,23.495
"902","Netherlands","1976",6.394,NA,NA,NA,NA,NA,24.844,98.92,88.567,25.409
"903","Netherlands","1977",6.262,NA,NA,NA,NA,NA,24.243,99.338,90.438,26.531
"904","Netherlands","1978",6.264,NA,NA,NA,NA,NA,23.613,99.753,91.46,27.411
"905","Netherlands","1979",6.169,NA,NA,NA,NA,NA,22.969,100.198,91.202,27.699
"906","Netherlands","1980",5.969,NA,NA,NA,NA,NA,22.327,100.388,91.96,29.086
"907","Netherlands","1981",5.824,12.068,NA,NA,NA,NA,21.671,100.056,92.539,29.409
"908","Netherlands","1982",5.769,11.407,NA,NA,NA,NA,21.057,98.503,94.449,29.925
"909","Netherlands","1983",5.572,10.643,NA,NA,NA,NA,20.482,96.549,97.414,30.198
"910","Netherlands","1984",5.156,9.872,NA,NA,NA,NA,19.945,95.004,100.922,30.4
"911","Netherlands","1985",5.544,10.502,NA,NA,NA,NA,19.453,94.617,101.688,30.739
"912","Netherlands","1986",5.633,10.835,NA,NA,NA,NA,19.122,99.2,117.039,31.867
"913","Netherlands","1987",5.974,11.297,NA,NA,NA,NA,18.806,100.922,118.241,31.496
"914","Netherlands","1988",5.542,10.56,NA,NA,NA,NA,18.532,102.649,117.486,32.753
"915","Netherlands","1989",NA,NA,NA,NA,NA,NA,18.329,103.199,117.195,33.302
"916","Netherlands","1990",5.296,10.985,NA,NA,NA,NA,18.205,102.927,118.266,35.64
"917","Netherlands","1991",5.228,11.071,NA,NA,NA,NA,18.158,102.237,119.591,39.956
"918","Netherlands","1992",NA,NA,NA,NA,NA,NA,18.172,97.367,121.04,42.309
"919","Netherlands","1993",4.818,9.667,NA,NA,NA,NA,18.235,96.857,123.209,44.756
"920","Netherlands","1994",4.724,9.561,NA,NA,NA,NA,18.311,107.198,140.69,48.569
"921","Netherlands","1995",4.638,9.668,NA,NA,NA,NA,18.373,107.227,139.698,47.465
"922","Netherlands","1996",4.542,8.887,NA,NA,NA,NA,18.435,107.354,137.376,48.118
"923","Netherlands","1997",NA,NA,NA,NA,NA,NA,18.469,107.681,130.371,47.413
"924","Netherlands","1998",4.599,10.42,14.316,20.212,45.233,NA,18.476,108.175,127.21,47.947
"925","Netherlands","1999",4.557,10.569,NA,NA,NA,NA,18.471,108.081,122.753,49.802
"926","Netherlands","2000",4.625,11.081,NA,NA,NA,NA,18.468,107.989,122.419,52.285
"927","Netherlands","2001",4.751,11.157,NA,NA,NA,NA,18.428,107.594,122.847,54.192
"928","Netherlands","2002",4.87,11.232,NA,NA,NA,NA,18.42,107.458,120.762,55.191
"929","Netherlands","2003",5.101,11.531,NA,NA,NA,NA,18.421,107.495,120.878,55.743
"930","Netherlands","2004",5.115,11.877,NA,NA,NA,NA,18.396,106.891,118.178,56.978
"931","Netherlands","2005",5.159,12.336,NA,NA,NA,NA,18.32,106.739,118.374,58.69
"932","Netherlands","2006",5.09,11.971,NA,NA,NA,NA,18.251,107.044,118.604,59.659
"933","Netherlands","2007",4.934,11.763,NA,NA,NA,NA,18.096,107.729,119.477,59.942
"934","Netherlands","2008",5.092,11.878,NA,NA,NA,NA,17.892,108.271,120.442,60.336
"935","Netherlands","2009",5.496,11.618,NA,NA,NA,NA,17.692,108.444,120.606,61.167
"936","Netherlands","2010",5.489,11.669,NA,NA,NA,NA,17.522,108.276,122.079,63.716
"937","Netherlands","2011",5.463,11.888,NA,NA,NA,NA,17.334,107.497,128.179,75.879
"938","Netherlands","2012",5.41,11.776,NA,NA,NA,NA,17.196,105.83,128.993,76.607
"939","Netherlands","2013",5.527,12.094,NA,NA,NA,NA,17.081,NA,NA,NA
"940","Netherlands","2014",5.459,12.151,NA,NA,NA,NA,16.942,NA,NA,NA
"941","Netherlands","2015",5.348,12.21,16.824,22.703,33.043,NA,16.756,102.698,133.546,80.57
"942","Netherlands","2016",5.48,12.807,16.655,23.098,35.779,NA,16.576,103.287,132.692,80.365
"943","Netherlands","2017",NA,NA,NA,NA,NA,NA,16.353,104.23,135.575,84.98
"944","Netherlands","2018",NA,NA,NA,NA,NA,NA,16.108,NA,NA,NA
"945","Russian Federation","1960",NA,NA,NA,NA,NA,NA,30.369,NA,NA,NA
"946","Russian Federation","1961",NA,NA,NA,NA,NA,NA,30.647,NA,NA,NA
"947","Russian Federation","1962",NA,NA,NA,NA,NA,NA,30.602,NA,NA,NA
"948","Russian Federation","1963",NA,NA,NA,NA,NA,NA,30.297,NA,NA,NA
"949","Russian Federation","1964",NA,NA,NA,NA,NA,NA,29.883,NA,NA,NA
"950","Russian Federation","1965",NA,NA,NA,NA,NA,NA,29.437,NA,NA,NA
"951","Russian Federation","1966",NA,NA,NA,NA,NA,NA,28.857,NA,NA,NA
"952","Russian Federation","1967",NA,NA,NA,NA,NA,NA,28.235,NA,NA,NA
"953","Russian Federation","1968",NA,NA,NA,NA,NA,NA,27.577,NA,NA,NA
"954","Russian Federation","1969",NA,NA,NA,NA,NA,NA,26.897,NA,NA,NA
"955","Russian Federation","1970",NA,NA,NA,NA,NA,NA,26.217,NA,NA,45.598
"956","Russian Federation","1971",NA,NA,NA,NA,NA,NA,25.423,104.593,92.823,45.265
"957","Russian Federation","1972",NA,NA,NA,NA,NA,NA,24.752,101.435,NA,44.672
"958","Russian Federation","1973",NA,NA,NA,NA,NA,NA,24.164,99.955,NA,44.175
"959","Russian Federation","1974",NA,NA,NA,NA,NA,NA,23.598,98.996,NA,43.741
"960","Russian Federation","1975",NA,NA,NA,NA,NA,NA,23.031,98.961,NA,43.543
"961","Russian Federation","1976",NA,NA,NA,NA,NA,NA,22.746,99.992,96.26,43.589
"962","Russian Federation","1977",NA,NA,NA,NA,NA,NA,22.349,101.932,NA,43.907
"963","Russian Federation","1978",NA,NA,NA,NA,NA,NA,21.94,104.307,NA,44.229
"964","Russian Federation","1979",NA,NA,NA,NA,NA,NA,21.658,105.719,NA,44.62
"965","Russian Federation","1980",NA,NA,NA,NA,NA,NA,21.563,105.795,NA,45.224
"966","Russian Federation","1981",NA,NA,NA,NA,NA,NA,21.54,102.978,97.958,46.057
"967","Russian Federation","1982",NA,NA,NA,NA,NA,NA,21.713,102.438,NA,47.029
"968","Russian Federation","1983",NA,NA,NA,NA,NA,NA,22.01,101.737,NA,48.281
"969","Russian Federation","1984",NA,NA,NA,NA,NA,NA,22.302,102.179,NA,49.83
"970","Russian Federation","1985",NA,NA,NA,NA,NA,NA,22.52,103.713,NA,52.018
"971","Russian Federation","1986",NA,NA,NA,NA,NA,NA,22.763,104.967,99.965,53.905
"972","Russian Federation","1987",NA,NA,NA,NA,NA,NA,22.927,107.643,100.176,55.683
"973","Russian Federation","1988",NA,NA,NA,NA,NA,NA,23.004,108.611,99.951,56.17
"974","Russian Federation","1989",NA,NA,NA,NA,NA,97.986,22.997,108.004,98.587,55.812
"975","Russian Federation","1990",NA,NA,NA,NA,NA,NA,22.898,107.991,97.637,55.002
"976","Russian Federation","1991",NA,NA,NA,NA,NA,NA,22.835,110.34,96.177,52.46
"977","Russian Federation","1992",NA,NA,NA,NA,NA,NA,22.591,110.441,94.274,49.761
"978","Russian Federation","1993",NA,NA,NA,NA,NA,NA,22.221,109.481,92.068,46.393
"979","Russian Federation","1994",NA,NA,NA,NA,NA,NA,21.805,107.176,90.77,44.464
"980","Russian Federation","1995",NA,NA,NA,NA,NA,NA,21.38,107.871,91.141,43.133
"981","Russian Federation","1996",NA,NA,NA,NA,NA,NA,20.696,108.483,91.475,44.722
"982","Russian Federation","1997",NA,NA,NA,NA,NA,NA,20.134,106.322,91.301,46.243
"983","Russian Federation","1998",NA,NA,NA,NA,NA,NA,19.602,103.748,92.08,48.399
"984","Russian Federation","1999",NA,NA,NA,NA,NA,NA,18.982,102.947,92.391,51.887
"985","Russian Federation","2000",2.94,8.952,NA,NA,10.969,NA,18.245,102.791,NA,55.8
"986","Russian Federation","2001",3.106,9.213,NA,NA,10.955,NA,17.649,106.083,NA,61.567
"987","Russian Federation","2002",3.835,10.584,NA,NA,11.908,99.441,16.945,113.946,NA,66.858
"988","Russian Federation","2003",3.679,10.532,NA,NA,11.435,NA,16.22,121.051,91.508,70.67
"989","Russian Federation","2004",3.548,11.176,NA,NA,10.871,NA,15.606,NA,85.316,70.592
"990","Russian Federation","2005",3.772,11.951,NA,NA,12.661,NA,15.174,95.226,82.911,72.566
"991","Russian Federation","2006",3.866,12.426,NA,NA,13.21,NA,14.923,94.999,82.708,72.797
"992","Russian Federation","2007",NA,NA,NA,NA,NA,NA,14.769,95.681,82.95,74.021
"993","Russian Federation","2008",4.102,11.959,NA,NA,14.326,NA,14.725,97.585,83.127,74.896
"994","Russian Federation","2009",NA,NA,NA,NA,NA,NA,14.78,99.362,84.772,75.327
"995","Russian Federation","2010",NA,NA,NA,NA,NA,99.684,14.927,NA,NA,NA
"996","Russian Federation","2011",NA,NA,NA,NA,NA,NA,15.167,101.076,91.828,76.185
"997","Russian Federation","2012",3.79,11.147,NA,NA,15.248,NA,15.543,101.021,95.607,75.907
"998","Russian Federation","2013",3.756,10.862,NA,NA,16.454,NA,15.999,99.77,97.683,77.85
"999","Russian Federation","2014",4.005,11.489,NA,NA,NA,NA,16.46,97.694,98.816,78.463
"1000","Russian Federation","2015",3.833,10.869,NA,NA,18.778,NA,16.877,99.073,102.18,79.938
"1001","Russian Federation","2016",3.743,10.985,NA,NA,19.822,NA,17.291,99.814,102.397,80.633
"1002","Russian Federation","2017",NA,NA,NA,NA,NA,NA,17.634,102.582,103.385,81.909
"1003","Russian Federation","2018",NA,NA,NA,NA,NA,99.73,17.914,NA,NA,NA
"1004","Saudi Arabia","1960",NA,NA,NA,NA,NA,NA,43.145,NA,NA,NA
"1005","Saudi Arabia","1961",NA,NA,NA,NA,NA,NA,43.324,NA,NA,NA
"1006","Saudi Arabia","1962",NA,NA,NA,NA,NA,NA,43.429,NA,NA,NA
"1007","Saudi Arabia","1963",NA,NA,NA,NA,NA,NA,43.497,NA,NA,NA
"1008","Saudi Arabia","1964",NA,NA,NA,NA,NA,NA,43.562,NA,NA,NA
"1009","Saudi Arabia","1965",NA,NA,NA,NA,NA,NA,43.636,NA,NA,NA
"1010","Saudi Arabia","1966",NA,NA,NA,NA,NA,NA,43.797,NA,NA,NA
"1011","Saudi Arabia","1967",NA,NA,NA,NA,NA,NA,43.915,NA,NA,NA
"1012","Saudi Arabia","1968",NA,NA,NA,NA,NA,NA,44.011,NA,NA,NA
"1013","Saudi Arabia","1969",NA,NA,NA,NA,NA,NA,44.109,NA,NA,NA
"1014","Saudi Arabia","1970",NA,NA,NA,NA,NA,NA,44.225,NA,NA,NA
"1015","Saudi Arabia","1971",NA,NA,NA,NA,NA,NA,44.253,NA,NA,1.609
"1016","Saudi Arabia","1972",NA,NA,NA,NA,NA,NA,44.266,NA,NA,1.717
"1017","Saudi Arabia","1973",NA,NA,NA,NA,NA,NA,44.269,NA,NA,1.965
"1018","Saudi Arabia","1974",NA,NA,NA,NA,NA,NA,44.255,NA,NA,2.463
"1019","Saudi Arabia","1975",NA,NA,NA,NA,NA,NA,44.223,NA,NA,3.124
"1020","Saudi Arabia","1976",NA,NA,NA,NA,NA,NA,44.113,NA,NA,3.991
"1021","Saudi Arabia","1977",NA,NA,NA,NA,NA,NA,43.951,NA,NA,4.667
"1022","Saudi Arabia","1978",NA,NA,NA,NA,NA,NA,43.786,NA,NA,5.953
"1023","Saudi Arabia","1979",NA,NA,NA,NA,NA,NA,43.672,57.913,27.419,6.117
"1024","Saudi Arabia","1980",NA,NA,NA,NA,NA,NA,43.626,NA,NA,6.514
"1025","Saudi Arabia","1981",3.89,NA,NA,NA,NA,NA,43.29,NA,NA,7.348
"1026","Saudi Arabia","1982",4.143,NA,NA,NA,NA,NA,43.011,NA,NA,7.651
"1027","Saudi Arabia","1983",5.978,NA,NA,NA,NA,NA,42.767,NA,NA,8.244
"1028","Saudi Arabia","1984",6.11,NA,NA,NA,NA,NA,42.503,NA,NA,8.278
"1029","Saudi Arabia","1985",NA,NA,NA,NA,NA,NA,42.192,NA,NA,9.234
"1030","Saudi Arabia","1986",6.255,NA,NA,NA,NA,NA,42.267,NA,NA,9.81
"1031","Saudi Arabia","1987",NA,NA,NA,NA,NA,NA,42.213,NA,NA,9.276
"1032","Saudi Arabia","1988",NA,NA,NA,NA,NA,NA,42.139,NA,NA,NA
"1033","Saudi Arabia","1989",NA,NA,NA,NA,NA,NA,42.084,NA,NA,8.75
"1034","Saudi Arabia","1990",NA,NA,NA,NA,NA,NA,42.005,NA,NA,9.541
"1035","Saudi Arabia","1991",5.779,14.713,NA,NA,NA,NA,42.161,NA,NA,10.385
"1036","Saudi Arabia","1992",5.145,14.722,NA,NA,NA,70.822,42.285,NA,NA,11.351
"1037","Saudi Arabia","1993",5.999,14.574,NA,NA,NA,NA,42.295,NA,NA,13.716
"1038","Saudi Arabia","1994",6.344,16.813,NA,NA,NA,NA,42.126,NA,NA,14.513
"1039","Saudi Arabia","1995",5.692,16.845,NA,NA,NA,NA,41.772,NA,NA,16.78
"1040","Saudi Arabia","1996",4.944,15.252,NA,NA,NA,NA,40.902,NA,NA,17.578
"1041","Saudi Arabia","1997",4.377,12.296,NA,NA,NA,NA,40.036,NA,NA,17.323
"1042","Saudi Arabia","1998",8.281,23.982,NA,NA,93.943,NA,39.289,NA,NA,17.505
"1043","Saudi Arabia","1999",7.072,23.329,NA,NA,NA,NA,38.717,NA,NA,20.972
"1044","Saudi Arabia","2000",5.91,17.837,NA,NA,NA,79.351,38.272,NA,NA,22.321
"1045","Saudi Arabia","2001",7.719,20.896,NA,NA,NA,NA,37.307,NA,NA,23.828
"1046","Saudi Arabia","2002",7.637,21.294,NA,NA,NA,NA,36.401,NA,NA,23.473
"1047","Saudi Arabia","2003",7.105,21.455,NA,NA,NA,NA,35.539,NA,NA,26.913
"1048","Saudi Arabia","2004",6.277,20.189,NA,NA,NA,82.858,34.698,NA,NA,28.71
"1049","Saudi Arabia","2005",5.431,19.292,NA,NA,NA,NA,33.874,95.702,87.439,29.543
"1050","Saudi Arabia","2006",5.891,21.604,NA,NA,NA,NA,32.986,NA,NA,30.331
"1051","Saudi Arabia","2007",NA,NA,17.709,17.65,NA,NA,32.08,100.438,90.532,30.411
"1052","Saudi Arabia","2008",5.138,19.257,NA,NA,NA,NA,31.203,102.72,NA,30.802
"1053","Saudi Arabia","2009",NA,NA,NA,NA,NA,NA,30.407,104.669,94.787,31.56
"1054","Saudi Arabia","2010",NA,NA,NA,NA,NA,NA,29.703,106.622,NA,36.627
"1055","Saudi Arabia","2011",NA,NA,NA,NA,NA,NA,28.71,106.621,NA,40.416
"1056","Saudi Arabia","2012",NA,NA,NA,NA,NA,NA,27.84,110.061,NA,46.675
"1057","Saudi Arabia","2013",NA,NA,NA,NA,NA,94.426,27.081,116.416,114.683,52.236
"1058","Saudi Arabia","2014",NA,NA,NA,NA,NA,NA,26.413,119.033,117.835,58.297
"1059","Saudi Arabia","2015",NA,NA,NA,NA,NA,NA,25.823,121.451,NA,61.056
"1060","Saudi Arabia","2016",NA,NA,NA,NA,NA,NA,25.525,116.942,NA,67.336
"1061","Saudi Arabia","2017",NA,NA,NA,NA,NA,95.329,25.259,NA,NA,69.698
"1062","Saudi Arabia","2018",NA,NA,NA,NA,NA,NA,25.043,99.77,NA,68.04
"1063","Turkey","1960",NA,NA,NA,NA,NA,NA,41.902,NA,NA,NA
"1064","Turkey","1961",NA,NA,NA,NA,NA,NA,42.102,NA,NA,NA
"1065","Turkey","1962",NA,NA,NA,NA,NA,NA,42.33,NA,NA,NA
"1066","Turkey","1963",NA,NA,NA,NA,NA,NA,42.522,NA,NA,NA
"1067","Turkey","1964",NA,NA,NA,NA,NA,NA,42.589,NA,NA,NA
"1068","Turkey","1965",NA,NA,NA,NA,NA,NA,42.5,NA,NA,NA
"1069","Turkey","1966",NA,NA,NA,NA,NA,NA,42.507,NA,NA,NA
"1070","Turkey","1967",NA,NA,NA,NA,NA,NA,42.355,NA,NA,NA
"1071","Turkey","1968",NA,NA,NA,NA,NA,NA,42.093,NA,NA,NA
"1072","Turkey","1969",NA,NA,NA,NA,NA,NA,41.798,NA,NA,NA
"1073","Turkey","1970",NA,NA,NA,NA,NA,NA,41.517,NA,NA,NA
"1074","Turkey","1971",NA,NA,NA,NA,NA,NA,41.342,108.134,26.923,5.13
"1075","Turkey","1972",NA,NA,NA,NA,NA,NA,41.167,107.798,28.957,4.902
"1076","Turkey","1973",NA,NA,NA,NA,NA,NA,40.988,108.595,29.629,4.802
"1077","Turkey","1974",NA,NA,NA,NA,NA,NA,40.789,108.126,29.57,5.031
"1078","Turkey","1975",NA,NA,NA,NA,NA,61.628,40.566,107.227,NA,7.01
"1079","Turkey","1976",NA,NA,NA,NA,NA,NA,40.455,107.152,32.625,8.513
"1080","Turkey","1977",NA,NA,NA,NA,NA,NA,40.292,105.759,34.584,9.181
"1081","Turkey","1978",4.348,NA,NA,NA,NA,NA,40.093,102.727,36.444,8.973
"1082","Turkey","1979",2.915,NA,NA,NA,NA,NA,39.875,102.659,36.554,8.282
"1083","Turkey","1980",NA,NA,NA,NA,NA,65.694,39.645,NA,38.452,6.671
"1084","Turkey","1981",2.208,NA,NA,NA,NA,NA,39.393,99.844,37.564,5.733
"1085","Turkey","1982",1.755,NA,NA,NA,NA,NA,39.118,101.365,38.359,5.799
"1086","Turkey","1983",2.648,NA,NA,NA,NA,NA,38.812,102.472,38.91,6.293
"1087","Turkey","1984",2.029,NA,NA,NA,NA,NA,38.458,108.354,40.403,7.328
"1088","Turkey","1985",1.738,NA,NA,NA,NA,75.968,38.052,107.123,NA,8.943
"1089","Turkey","1986",1.51,NA,NA,NA,NA,NA,37.712,107.597,44.56,9.872
"1090","Turkey","1987",NA,NA,NA,NA,NA,NA,37.298,107.171,46.001,10.385
"1091","Turkey","1988",NA,NA,NA,NA,NA,NA,36.827,108.618,47.979,10.745
"1092","Turkey","1989",NA,NA,NA,NA,NA,NA,36.321,105.676,50.273,11.681
"1093","Turkey","1990",NA,NA,NA,NA,NA,79.232,35.793,106.028,50.945,13.148
"1094","Turkey","1991",NA,NA,NA,NA,NA,NA,35.255,105.622,52.765,14.042
"1095","Turkey","1992",NA,NA,NA,NA,NA,NA,34.709,105.338,54.449,14.84
"1096","Turkey","1993",3.365,NA,NA,NA,NA,NA,34.154,102.547,57.948,16.558
"1097","Turkey","1994",3.425,NA,NA,NA,NA,NA,33.591,99.982,59.617,20.099
"1098","Turkey","1995",2.251,NA,NA,NA,NA,NA,33.03,99.595,62.297,20.281
"1099","Turkey","1996",NA,NA,NA,NA,NA,NA,32.513,NA,NA,NA
"1100","Turkey","1997",NA,NA,NA,NA,NA,NA,32.019,99.537,61.958,23.987
"1101","Turkey","1998",0,NA,NA,NA,NA,NA,31.542,NA,NA,23.254
"1102","Turkey","1999",2.887,NA,NA,NA,34.245,NA,31.072,103.423,71.694,23.863
"1103","Turkey","2000",2.529,6.376,NA,NA,NA,NA,30.603,103.409,73.6,NA
"1104","Turkey","2001",2.654,5.983,NA,NA,34.094,NA,30.226,105.7,83.781,NA
"1105","Turkey","2002",2.749,6.652,NA,NA,36.042,NA,29.809,106.661,88.294,NA
"1106","Turkey","2003",2.877,7.42,NA,NA,32.147,NA,29.381,103.428,90.089,NA
"1107","Turkey","2004",3.02,8.652,NA,NA,28.613,87.365,28.974,103.287,86.858,NA
"1108","Turkey","2005",NA,NA,NA,NA,NA,88.229,28.6,103.176,83.938,NA
"1109","Turkey","2006",2.751,7.967,NA,NA,25.75,88.119,28.212,102.626,87.903,NA
"1110","Turkey","2007",NA,NA,NA,NA,NA,88.656,27.868,102.905,90.306,NA
"1111","Turkey","2008",NA,NA,NA,NA,NA,NA,27.545,102.504,88.518,NA
"1112","Turkey","2009",NA,NA,NA,NA,NA,90.817,27.223,100.127,80.04,NA
"1113","Turkey","2010",NA,NA,NA,NA,NA,92.661,26.902,101.299,84.283,NA
"1114","Turkey","2011",NA,NA,NA,NA,NA,94.106,26.636,101.05,88.338,NA
"1115","Turkey","2012",NA,NA,NA,NA,NA,94.92,26.377,98.63,85.185,NA
"1116","Turkey","2013",NA,NA,NA,NA,NA,95.257,26.123,107.154,100.484,NA
"1117","Turkey","2014",NA,NA,NA,NA,NA,95.44,25.868,106.313,102.871,NA
"1118","Turkey","2015",NA,NA,NA,NA,NA,95.601,25.6,103.027,102.838,NA
"1119","Turkey","2016",NA,NA,NA,NA,NA,96.167,25.324,100.948,102.74,NA
"1120","Turkey","2017",NA,NA,NA,NA,NA,96.151,25.003,93.155,105.992,NA
"1121","Turkey","2018",NA,NA,NA,NA,NA,NA,24.649,NA,NA,NA
"1122","United States","1960",NA,NA,NA,NA,NA,NA,30.691,NA,NA,NA
"1123","United States","1961",NA,NA,NA,NA,NA,NA,30.803,NA,NA,NA
"1124","United States","1962",NA,NA,NA,NA,NA,NA,30.753,NA,NA,NA
"1125","United States","1963",NA,NA,NA,NA,NA,NA,30.58,NA,NA,NA
"1126","United States","1964",NA,NA,NA,NA,NA,NA,30.343,NA,NA,NA
"1127","United States","1965",NA,NA,NA,NA,NA,NA,30.068,NA,NA,NA
"1128","United States","1966",NA,NA,NA,NA,NA,NA,29.749,NA,NA,NA
"1129","United States","1967",NA,NA,NA,NA,NA,NA,29.396,NA,NA,NA
"1130","United States","1968",NA,NA,NA,NA,NA,NA,29.006,NA,NA,NA
"1131","United States","1969",NA,NA,NA,NA,NA,NA,28.573,NA,NA,NA
"1132","United States","1970",NA,NA,NA,NA,NA,NA,28.097,NA,NA,NA
"1133","United States","1971",NA,NA,NA,NA,NA,NA,27.475,88.861,84.006,47.316
"1134","United States","1972",NA,NA,NA,NA,NA,NA,26.869,88.422,85.029,48.19
"1135","United States","1973",NA,NA,NA,NA,NA,NA,26.263,90.707,NA,48.675
"1136","United States","1974",NA,NA,NA,NA,NA,NA,25.64,89.816,85.378,49.05
"1137","United States","1975",NA,NA,NA,NA,NA,NA,25.005,89.616,85.432,51.09
"1138","United States","1976",NA,NA,NA,NA,NA,NA,24.547,90.442,85.648,54.766
"1139","United States","1977",NA,NA,NA,NA,NA,NA,24.05,90.658,85.75,52.942
"1140","United States","1978",NA,NA,NA,NA,NA,NA,23.545,91.073,85.488,53.408
"1141","United States","1979",NA,NA,NA,NA,NA,NA,23.078,90.616,78.964,52.644
"1142","United States","1980",NA,NA,NA,NA,NA,NA,22.673,98.911,91.314,53.619
"1143","United States","1981",NA,NA,NA,NA,NA,NA,22.351,98.632,89.999,55.737
"1144","United States","1982",NA,NA,NA,NA,NA,NA,22.092,100.482,93.175,57.009
"1145","United States","1983",NA,NA,NA,NA,NA,NA,21.89,99.035,93.249,57.583
"1146","United States","1984",NA,NA,NA,NA,NA,NA,21.729,97.894,95.123,58.403
"1147","United States","1985",NA,NA,NA,NA,NA,NA,21.601,98.233,94.025,58.26
"1148","United States","1986",NA,NA,NA,NA,NA,NA,21.587,99.901,94.969,59.434
"1149","United States","1987",NA,NA,NA,NA,NA,NA,21.592,101.174,95.213,62.095
"1150","United States","1988",NA,NA,NA,NA,NA,NA,21.611,NA,NA,64.808
"1151","United States","1989",NA,NA,NA,NA,NA,NA,21.641,NA,NA,67.573
"1152","United States","1990",NA,NA,NA,NA,NA,NA,21.674,106.033,91.482,71.251
"1153","United States","1991",NA,NA,NA,NA,NA,NA,21.8,105.329,91.533,73.144
"1154","United States","1992",NA,NA,NA,NA,NA,NA,21.91,NA,NA,77.74
"1155","United States","1993",NA,NA,NA,NA,NA,NA,21.989,103.899,96.493,79.376
"1156","United States","1994",NA,NA,NA,NA,NA,NA,22.025,103.115,97.863,79.057
"1157","United States","1995",NA,NA,NA,NA,NA,NA,22.015,104.106,96.674,79.166
"1158","United States","1996",NA,NA,NA,NA,NA,NA,22.047,103.56,96.544,78.797
"1159","United States","1997",NA,NA,NA,NA,NA,NA,22.006,NA,NA,NA
"1160","United States","1998",NA,NA,NA,NA,NA,NA,21.917,102.562,96.465,71.815
"1161","United States","1999",NA,NA,NA,NA,NA,NA,21.812,101.931,94.392,72.71
"1162","United States","2000",NA,NA,NA,NA,NA,NA,21.703,100.73,94.05,67.802
"1163","United States","2001",NA,NA,NA,NA,NA,NA,21.529,101.326,95.151,68.097
"1164","United States","2002",NA,NA,NA,NA,NA,NA,21.396,99.879,94.381,77.908
"1165","United States","2003",NA,NA,NA,NA,NA,NA,21.268,101.114,95.055,80.156
"1166","United States","2004",NA,NA,NA,NA,NA,NA,21.1,101.25,95.113,81.156
"1167","United States","2005",NA,NA,NA,NA,NA,NA,20.881,101.874,95.052,80.635
"1168","United States","2006",NA,NA,NA,NA,NA,NA,20.818,102.201,94.731,83.078
"1169","United States","2007",NA,NA,NA,NA,NA,NA,20.69,103.093,95.079,83.709
"1170","United States","2008",NA,NA,NA,NA,NA,NA,20.525,103.235,94.985,85.01
"1171","United States","2009",NA,NA,NA,NA,NA,NA,20.359,102.212,95.223,87.622
"1172","United States","2010",NA,NA,NA,NA,NA,NA,20.205,100.334,94.846,92.622
"1173","United States","2011",NA,NA,NA,NA,NA,NA,20.025,99.39,95.994,93.907
"1174","United States","2012",NA,NA,NA,NA,NA,NA,19.823,99.165,96.252,93.175
"1175","United States","2013",4.931,13.394,19.719,22.589,NA,NA,19.617,99.455,96.186,88.726
"1176","United States","2014",4.962,13.595,19.789,22.365,NA,NA,19.416,99.673,96.925,88.627
"1177","United States","2015",NA,NA,19.761,NA,NA,NA,19.224,100.3,97.653,88.889
"1178","United States","2016",NA,NA,19.859,22.135,NA,NA,19.023,101.363,98.77,88.835
"1179","United States","2017",NA,NA,NA,NA,NA,NA,18.859,101.821,98.952,88.167
"1180","United States","2018",NA,NA,NA,NA,NA,NA,18.709,NA,NA,NA
